season_id,season_name,season_release_year,season_sequence,episode_id,episode_runtime,episode_sequence,episode_name,episode_description,episode_poster_url,id,title,type,release_year,runtime,backdrop_path,made_by_netflix,maturity_rating,maturity_warning,maturity_rating_reason,maturity_rating_board,overview,genres,cast,content_is,subtitles,audio
81166748,Season 1,2021,1,81217432,2404,1,It Wasn't a Mistake,Álex makes his first move on the Lazcano family at Rodolfo's CEO appointment ceremony. Someone identifying as Diana the Huntress offers to help him.,https://occ-0-2461-2186.1.nflxso.net/dnm/api/v6/9pS1daC2n6UGc3dUogvWIPMR_OU/AAAABehsyHiybetfzW4WuQVvgh6m0GJN3VtcYcdBUcHWZ_aPqlbqgsbVm50iXuVOezRAj9G972OInuRBJB2bmIWgPzJ4TE2zeG8XQVb77sWe1loqltPUIL9vDqOi9A.webp?r=720,81166747,¿Quién mató a Sara?,show,2022,,https://occ-0-2461-2186.1.nflxso.net/dnm/api/v6/6gmvu2hxdfnQ55LZZjyzYR4kzGk/AAAABeqnhkwrMmGSbVHHVW8j-awEyOHuJHKTRf31DTcHSWuSty-JWOI7AAgeQmq03K7Y7seIwtQdcl14PkUPc2tTt1HeHumVmi5TasL_74L8jWDZdli3LfYXyoYQxFAZFpXhE-5l.jpg?r=987,True,A,Content restricted to adults,"['nudity', 'self-harm', 'sex', 'sexual violence', 'suicide', 'tobacco use', 'violence']",India,"Hell-bent on exacting revenge and proving he was framed for his sister's murder, Álex sets out to unearth much more than the crime's real culprit.","['TV Dramas', 'Mexican', 'TV Mysteries', 'Crime TV Shows', 'TV Thrillers']","['Manolo Cardona', 'Ginés García Millán', 'Carolina Miranda', 'Alejandro Nones', 'Eugenio Siller', 'Claudia Ramírez', 'Juan Carlos Remolina', 'Ximena Lamadrid', 'Luis Roberto Guzmán', 'Fátima Molina', 'Litzy', 'Matías Novoa', 'Daniel Giménez Cacho', 'Leo Deluglio', 'Polo Morín', 'Andrés Baida', 'Ela Velden', 'Héctor Jiménez', 'Ana Lucía Domínguez', 'Iñaki Godoy', 'Marco Zapata', 'Jean Reno', 'Rebecca Jones']","['Ominous', 'Dark']",[],[]
81166748,Season 1,2021,1,81222755,2457,2,Bad People,"César refuses to tell Elisa what happened to Sara 18 years ago, so she turns to Álex for answers. Chema and Lorenzo start looking for surrogates.",https://occ-0-2461-2186.1.nflxso.net/dnm/api/v6/9pS1daC2n6UGc3dUogvWIPMR_OU/AAAABQW6qP8xtdSfJwe3KaZIOaDYjPgkRkT8Ee8z0exCNwffYecv9iG0JXQ70I8sk6bRGa3dUH50LpeXnqDPKaF2yuXcyHUgnLqy_G8iBXCQASyNlZMuMDcEv0BGWw.webp?r=6c8,81166747,¿Quién mató a Sara?,show,2022,,https://occ-0-2461-2186.1.nflxso.net/dnm/api/v6/6gmvu2hxdfnQ55LZZjyzYR4kzGk/AAAABeqnhkwrMmGSbVHHVW8j-awEyOHuJHKTRf31DTcHSWuSty-JWOI7AAgeQmq03K7Y7seIwtQdcl14PkUPc2tTt1HeHumVmi5TasL_74L8jWDZdli3LfYXyoYQxFAZFpXhE-5l.jpg?r=987,True,A,Content restricted to adults,"['nudity', 'self-harm', 'sex', 'sexual violence', 'suicide', 'tobacco use', 'violence']",India,"Hell-bent on exacting revenge and proving he was framed for his sister's murder, Álex sets out to unearth much more than the crime's real culprit.","['TV Dramas', 'Mexican', 'TV Mysteries', 'Crime TV Shows', 'TV Thrillers']","['Manolo Cardona', 'Ginés García Millán', 'Carolina Miranda', 'Alejandro Nones', 'Eugenio Siller', 'Claudia Ramírez', 'Juan Carlos Remolina', 'Ximena Lamadrid', 'Luis Roberto Guzmán', 'Fátima Molina', 'Litzy', 'Matías Novoa', 'Daniel Giménez Cacho', 'Leo Deluglio', 'Polo Morín', 'Andrés Baida', 'Ela Velden', 'Héctor Jiménez', 'Ana Lucía Domínguez', 'Iñaki Godoy', 'Marco Zapata', 'Jean Reno', 'Rebecca Jones']","['Ominous', 'Dark']",[],[]
81166748,Season 1,2021,1,81222756,2408,3,"Love, Sara",Mariana receives a chilling reminder of the crime in the mail. A flashback reveals Sara knew Chema's secret. Elisa breaks into Álex's house.,https://occ-0-2461-2186.1.nflxso.net/dnm/api/v6/9pS1daC2n6UGc3dUogvWIPMR_OU/AAAABQBA4MtWA-CU-ts5skusd6r44iu6JzInM6gGFAQaneFL5fdmLCsyp6Mjeilu3ZVKlxTgF0MojP5oaNuLFN6wol_7xRJcxJPCoKwxDwKMbVtaQZ0JN_gbEm9c7A.webp?r=778,81166747,¿Quién mató a Sara?,show,2022,,https://occ-0-2461-2186.1.nflxso.net/dnm/api/v6/6gmvu2hxdfnQ55LZZjyzYR4kzGk/AAAABeqnhkwrMmGSbVHHVW8j-awEyOHuJHKTRf31DTcHSWuSty-JWOI7AAgeQmq03K7Y7seIwtQdcl14PkUPc2tTt1HeHumVmi5TasL_74L8jWDZdli3LfYXyoYQxFAZFpXhE-5l.jpg?r=987,True,A,Content restricted to adults,"['nudity', 'self-harm', 'sex', 'sexual violence', 'suicide', 'tobacco use', 'violence']",India,"Hell-bent on exacting revenge and proving he was framed for his sister's murder, Álex sets out to unearth much more than the crime's real culprit.","['TV Dramas', 'Mexican', 'TV Mysteries', 'Crime TV Shows', 'TV Thrillers']","['Manolo Cardona', 'Ginés García Millán', 'Carolina Miranda', 'Alejandro Nones', 'Eugenio Siller', 'Claudia Ramírez', 'Juan Carlos Remolina', 'Ximena Lamadrid', 'Luis Roberto Guzmán', 'Fátima Molina', 'Litzy', 'Matías Novoa', 'Daniel Giménez Cacho', 'Leo Deluglio', 'Polo Morín', 'Andrés Baida', 'Ela Velden', 'Héctor Jiménez', 'Ana Lucía Domínguez', 'Iñaki Godoy', 'Marco Zapata', 'Jean Reno', 'Rebecca Jones']","['Ominous', 'Dark']",[],[]
81166748,Season 1,2021,1,81222757,2492,4,The Monster in the Family,Rodolfo pays a visit to Álex and learns a shocking detail about Sara's death. Elisa wants Álex to trust her but first she must pass a test.,https://occ-0-2461-2186.1.nflxso.net/dnm/api/v6/9pS1daC2n6UGc3dUogvWIPMR_OU/AAAABS9pStJElNA0hCNg_eDhlS6DCzdr9ypamQW0qTJSZkSXK6QHT36gyNv_vtD5G6fe7ib1vzVWIwV58j5TENug1_Upy4zuyXFAcoFICuhFG2Ve5N0rHFoln4Wfgg.webp?r=00e,81166747,¿Quién mató a Sara?,show,2022,,https://occ-0-2461-2186.1.nflxso.net/dnm/api/v6/6gmvu2hxdfnQ55LZZjyzYR4kzGk/AAAABeqnhkwrMmGSbVHHVW8j-awEyOHuJHKTRf31DTcHSWuSty-JWOI7AAgeQmq03K7Y7seIwtQdcl14PkUPc2tTt1HeHumVmi5TasL_74L8jWDZdli3LfYXyoYQxFAZFpXhE-5l.jpg?r=987,True,A,Content restricted to adults,"['nudity', 'self-harm', 'sex', 'sexual violence', 'suicide', 'tobacco use', 'violence']",India,"Hell-bent on exacting revenge and proving he was framed for his sister's murder, Álex sets out to unearth much more than the crime's real culprit.","['TV Dramas', 'Mexican', 'TV Mysteries', 'Crime TV Shows', 'TV Thrillers']","['Manolo Cardona', 'Ginés García Millán', 'Carolina Miranda', 'Alejandro Nones', 'Eugenio Siller', 'Claudia Ramírez', 'Juan Carlos Remolina', 'Ximena Lamadrid', 'Luis Roberto Guzmán', 'Fátima Molina', 'Litzy', 'Matías Novoa', 'Daniel Giménez Cacho', 'Leo Deluglio', 'Polo Morín', 'Andrés Baida', 'Ela Velden', 'Héctor Jiménez', 'Ana Lucía Domínguez', 'Iñaki Godoy', 'Marco Zapata', 'Jean Reno', 'Rebecca Jones']","['Ominous', 'Dark']",[],[]
81166748,Season 1,2021,1,81222758,2439,5,Life Insurance,The burden of having to keep all the Lazcano secrets starts taking a toll on Elroy. Elisa and Álex attend a masquerade party at the casino.,https://occ-0-2461-2186.1.nflxso.net/dnm/api/v6/9pS1daC2n6UGc3dUogvWIPMR_OU/AAAABVEFTMr6hklHTrI-_Fx0mI7_Io486t6LIeVphywZtLo2KICAXX_Mq0fF7Ehh-VhpQXN-7rOOOaTY3vxDtVxVIaL43_McuqXJlOmYS3vkV31iXqeStzIRE5kSMw.webp?r=f94,81166747,¿Quién mató a Sara?,show,2022,,https://occ-0-2461-2186.1.nflxso.net/dnm/api/v6/6gmvu2hxdfnQ55LZZjyzYR4kzGk/AAAABeqnhkwrMmGSbVHHVW8j-awEyOHuJHKTRf31DTcHSWuSty-JWOI7AAgeQmq03K7Y7seIwtQdcl14PkUPc2tTt1HeHumVmi5TasL_74L8jWDZdli3LfYXyoYQxFAZFpXhE-5l.jpg?r=987,True,A,Content restricted to adults,"['nudity', 'self-harm', 'sex', 'sexual violence', 'suicide', 'tobacco use', 'violence']",India,"Hell-bent on exacting revenge and proving he was framed for his sister's murder, Álex sets out to unearth much more than the crime's real culprit.","['TV Dramas', 'Mexican', 'TV Mysteries', 'Crime TV Shows', 'TV Thrillers']","['Manolo Cardona', 'Ginés García Millán', 'Carolina Miranda', 'Alejandro Nones', 'Eugenio Siller', 'Claudia Ramírez', 'Juan Carlos Remolina', 'Ximena Lamadrid', 'Luis Roberto Guzmán', 'Fátima Molina', 'Litzy', 'Matías Novoa', 'Daniel Giménez Cacho', 'Leo Deluglio', 'Polo Morín', 'Andrés Baida', 'Ela Velden', 'Héctor Jiménez', 'Ana Lucía Domínguez', 'Iñaki Godoy', 'Marco Zapata', 'Jean Reno', 'Rebecca Jones']","['Ominous', 'Dark']",[],[]
81166748,Season 1,2021,1,81222759,2168,6,Hunting,"After César's darker side is brutally exposed at the masquerade, the Lazcano siblings' loyalty begins to shift. Elroy's troubled past is disclosed.",https://occ-0-2461-2186.1.nflxso.net/dnm/api/v6/9pS1daC2n6UGc3dUogvWIPMR_OU/AAAABUbDPhS_o5UD2GxRxVR0UZyLg6a32AsL5bjW0fYLNDYiYQmOubGlZgLNlu5K63HHHEJ1FY57IYAgeF6gC4nBR7Z_WeHjtLtoXP4ErmZvQ3q7udo3ZDdPHIyPeQ.webp?r=327,81166747,¿Quién mató a Sara?,show,2022,,https://occ-0-2461-2186.1.nflxso.net/dnm/api/v6/6gmvu2hxdfnQ55LZZjyzYR4kzGk/AAAABeqnhkwrMmGSbVHHVW8j-awEyOHuJHKTRf31DTcHSWuSty-JWOI7AAgeQmq03K7Y7seIwtQdcl14PkUPc2tTt1HeHumVmi5TasL_74L8jWDZdli3LfYXyoYQxFAZFpXhE-5l.jpg?r=987,True,A,Content restricted to adults,"['nudity', 'self-harm', 'sex', 'sexual violence', 'suicide', 'tobacco use', 'violence']",India,"Hell-bent on exacting revenge and proving he was framed for his sister's murder, Álex sets out to unearth much more than the crime's real culprit.","['TV Dramas', 'Mexican', 'TV Mysteries', 'Crime TV Shows', 'TV Thrillers']","['Manolo Cardona', 'Ginés García Millán', 'Carolina Miranda', 'Alejandro Nones', 'Eugenio Siller', 'Claudia Ramírez', 'Juan Carlos Remolina', 'Ximena Lamadrid', 'Luis Roberto Guzmán', 'Fátima Molina', 'Litzy', 'Matías Novoa', 'Daniel Giménez Cacho', 'Leo Deluglio', 'Polo Morín', 'Andrés Baida', 'Ela Velden', 'Héctor Jiménez', 'Ana Lucía Domínguez', 'Iñaki Godoy', 'Marco Zapata', 'Jean Reno', 'Rebecca Jones']","['Ominous', 'Dark']",[],[]
81166748,Season 1,2021,1,81222760,2353,7,Fear and Guilt,Álex and the Lazcano siblings go to the family estate. César's casino empire starts to crumble as the events at the masquerade go public.,https://occ-0-2461-2186.1.nflxso.net/dnm/api/v6/9pS1daC2n6UGc3dUogvWIPMR_OU/AAAABW-lL698Kz0T-6-EsxrH23QfFLuDjsdV15MNkFvfg49ZR2-yS0IrfcyrZqRvVS4QABBRRvjN-QP1_hGbiIcfDGBjVIQ0jXmxnJszRy2EP9Cefx31p7QLeyxJhQ.webp?r=576,81166747,¿Quién mató a Sara?,show,2022,,https://occ-0-2461-2186.1.nflxso.net/dnm/api/v6/6gmvu2hxdfnQ55LZZjyzYR4kzGk/AAAABeqnhkwrMmGSbVHHVW8j-awEyOHuJHKTRf31DTcHSWuSty-JWOI7AAgeQmq03K7Y7seIwtQdcl14PkUPc2tTt1HeHumVmi5TasL_74L8jWDZdli3LfYXyoYQxFAZFpXhE-5l.jpg?r=987,True,A,Content restricted to adults,"['nudity', 'self-harm', 'sex', 'sexual violence', 'suicide', 'tobacco use', 'violence']",India,"Hell-bent on exacting revenge and proving he was framed for his sister's murder, Álex sets out to unearth much more than the crime's real culprit.","['TV Dramas', 'Mexican', 'TV Mysteries', 'Crime TV Shows', 'TV Thrillers']","['Manolo Cardona', 'Ginés García Millán', 'Carolina Miranda', 'Alejandro Nones', 'Eugenio Siller', 'Claudia Ramírez', 'Juan Carlos Remolina', 'Ximena Lamadrid', 'Luis Roberto Guzmán', 'Fátima Molina', 'Litzy', 'Matías Novoa', 'Daniel Giménez Cacho', 'Leo Deluglio', 'Polo Morín', 'Andrés Baida', 'Ela Velden', 'Héctor Jiménez', 'Ana Lucía Domínguez', 'Iñaki Godoy', 'Marco Zapata', 'Jean Reno', 'Rebecca Jones']","['Ominous', 'Dark']",[],[]
81166748,Season 1,2021,1,81222761,2253,8,Where Dreams Become Reality,Another suspect in Sara's death comes into play. Chema shares a surprise with his family at a dinner party but a secret exposed steals the spotlight.,https://occ-0-2461-2186.1.nflxso.net/dnm/api/v6/9pS1daC2n6UGc3dUogvWIPMR_OU/AAAABQ5j7C__sxcGkRSjhaP4hDa998br-WMhVhfOfPWBaeeqwo-Hva_329H7yLjjHBfRREDVHdyzLtFkPWZ_yn_i8pvNQzeoPAr13TWEJMNMni2tmggGc1miemN44w.webp?r=0c8,81166747,¿Quién mató a Sara?,show,2022,,https://occ-0-2461-2186.1.nflxso.net/dnm/api/v6/6gmvu2hxdfnQ55LZZjyzYR4kzGk/AAAABeqnhkwrMmGSbVHHVW8j-awEyOHuJHKTRf31DTcHSWuSty-JWOI7AAgeQmq03K7Y7seIwtQdcl14PkUPc2tTt1HeHumVmi5TasL_74L8jWDZdli3LfYXyoYQxFAZFpXhE-5l.jpg?r=987,True,A,Content restricted to adults,"['nudity', 'self-harm', 'sex', 'sexual violence', 'suicide', 'tobacco use', 'violence']",India,"Hell-bent on exacting revenge and proving he was framed for his sister's murder, Álex sets out to unearth much more than the crime's real culprit.","['TV Dramas', 'Mexican', 'TV Mysteries', 'Crime TV Shows', 'TV Thrillers']","['Manolo Cardona', 'Ginés García Millán', 'Carolina Miranda', 'Alejandro Nones', 'Eugenio Siller', 'Claudia Ramírez', 'Juan Carlos Remolina', 'Ximena Lamadrid', 'Luis Roberto Guzmán', 'Fátima Molina', 'Litzy', 'Matías Novoa', 'Daniel Giménez Cacho', 'Leo Deluglio', 'Polo Morín', 'Andrés Baida', 'Ela Velden', 'Héctor Jiménez', 'Ana Lucía Domínguez', 'Iñaki Godoy', 'Marco Zapata', 'Jean Reno', 'Rebecca Jones']","['Ominous', 'Dark']",[],[]
81166748,Season 1,2021,1,81222762,2460,9,Watch the World Burn,Álex and Rodolfo delve into the past to discover the identity of Diana the Huntress. Elisa helps Bruno figure out what happened to Emara.,https://occ-0-2461-2186.1.nflxso.net/dnm/api/v6/9pS1daC2n6UGc3dUogvWIPMR_OU/AAAABfHPglTvVjbDCBk8Cg5Rdp2tpjraahOF82cq8Y_ViihVisAWIyieAHOqpyyXrxkDs4Xr2WCv3Cz42VJQcl1UZyV6f7jCDyS6aQXQOraR2Yz9YedOhJ_pacltGw.webp?r=60c,81166747,¿Quién mató a Sara?,show,2022,,https://occ-0-2461-2186.1.nflxso.net/dnm/api/v6/6gmvu2hxdfnQ55LZZjyzYR4kzGk/AAAABeqnhkwrMmGSbVHHVW8j-awEyOHuJHKTRf31DTcHSWuSty-JWOI7AAgeQmq03K7Y7seIwtQdcl14PkUPc2tTt1HeHumVmi5TasL_74L8jWDZdli3LfYXyoYQxFAZFpXhE-5l.jpg?r=987,True,A,Content restricted to adults,"['nudity', 'self-harm', 'sex', 'sexual violence', 'suicide', 'tobacco use', 'violence']",India,"Hell-bent on exacting revenge and proving he was framed for his sister's murder, Álex sets out to unearth much more than the crime's real culprit.","['TV Dramas', 'Mexican', 'TV Mysteries', 'Crime TV Shows', 'TV Thrillers']","['Manolo Cardona', 'Ginés García Millán', 'Carolina Miranda', 'Alejandro Nones', 'Eugenio Siller', 'Claudia Ramírez', 'Juan Carlos Remolina', 'Ximena Lamadrid', 'Luis Roberto Guzmán', 'Fátima Molina', 'Litzy', 'Matías Novoa', 'Daniel Giménez Cacho', 'Leo Deluglio', 'Polo Morín', 'Andrés Baida', 'Ela Velden', 'Héctor Jiménez', 'Ana Lucía Domínguez', 'Iñaki Godoy', 'Marco Zapata', 'Jean Reno', 'Rebecca Jones']","['Ominous', 'Dark']",[],[]
81166748,Season 1,2021,1,81222763,2727,10,Two Graves,"Flashbacks unravel that fateful day in 2001. Although Sara's diary seems to hold the key to her murder, a secret hidden in a wall tells another story.",https://occ-0-2461-2186.1.nflxso.net/dnm/api/v6/9pS1daC2n6UGc3dUogvWIPMR_OU/AAAABcZ9cSDRQ1lgxIgGpUvo8RNrAwP0lCPeG_Grq7Yw7wN1QfhAM56oAlgolJmprkPJG8_YswtBYijwxhqz6IBAfE4QY9MXNqM4mHhTPV0IVcO5cy7ZNuNw7Nubdw.webp?r=0ec,81166747,¿Quién mató a Sara?,show,2022,,https://occ-0-2461-2186.1.nflxso.net/dnm/api/v6/6gmvu2hxdfnQ55LZZjyzYR4kzGk/AAAABeqnhkwrMmGSbVHHVW8j-awEyOHuJHKTRf31DTcHSWuSty-JWOI7AAgeQmq03K7Y7seIwtQdcl14PkUPc2tTt1HeHumVmi5TasL_74L8jWDZdli3LfYXyoYQxFAZFpXhE-5l.jpg?r=987,True,A,Content restricted to adults,"['nudity', 'self-harm', 'sex', 'sexual violence', 'suicide', 'tobacco use', 'violence']",India,"Hell-bent on exacting revenge and proving he was framed for his sister's murder, Álex sets out to unearth much more than the crime's real culprit.","['TV Dramas', 'Mexican', 'TV Mysteries', 'Crime TV Shows', 'TV Thrillers']","['Manolo Cardona', 'Ginés García Millán', 'Carolina Miranda', 'Alejandro Nones', 'Eugenio Siller', 'Claudia Ramírez', 'Juan Carlos Remolina', 'Ximena Lamadrid', 'Luis Roberto Guzmán', 'Fátima Molina', 'Litzy', 'Matías Novoa', 'Daniel Giménez Cacho', 'Leo Deluglio', 'Polo Morín', 'Andrés Baida', 'Ela Velden', 'Héctor Jiménez', 'Ana Lucía Domínguez', 'Iñaki Godoy', 'Marco Zapata', 'Jean Reno', 'Rebecca Jones']","['Ominous', 'Dark']",[],[]
81294506,Season 2,2021,2,81303916,2520,1,The Two Faces of Sara,"The corpse found in the backyard threatens to put Álex back in jail. To prove his innocence, he looks for answers with a psychiatrist who treated Sara.",https://occ-0-2461-2186.1.nflxso.net/dnm/api/v6/9pS1daC2n6UGc3dUogvWIPMR_OU/AAAABdlCFOhZqs1U9Khz49lPtEhsJkZLdAydyDHh5yXu1ZkMDOoq1YINZA4RRTkpZTEpLNrn_xKcLVOeBuQoE_aUn2hr168jpOKFctGM3e-LOoFqr9YSsIkY37HvIQ.webp?r=a0a,81166747,¿Quién mató a Sara?,show,2022,,https://occ-0-2461-2186.1.nflxso.net/dnm/api/v6/6gmvu2hxdfnQ55LZZjyzYR4kzGk/AAAABeqnhkwrMmGSbVHHVW8j-awEyOHuJHKTRf31DTcHSWuSty-JWOI7AAgeQmq03K7Y7seIwtQdcl14PkUPc2tTt1HeHumVmi5TasL_74L8jWDZdli3LfYXyoYQxFAZFpXhE-5l.jpg?r=987,True,A,Content restricted to adults,"['nudity', 'self-harm', 'sex', 'sexual violence', 'suicide', 'tobacco use', 'violence']",India,"Hell-bent on exacting revenge and proving he was framed for his sister's murder, Álex sets out to unearth much more than the crime's real culprit.","['TV Dramas', 'Mexican', 'TV Mysteries', 'Crime TV Shows', 'TV Thrillers']","['Manolo Cardona', 'Ginés García Millán', 'Carolina Miranda', 'Alejandro Nones', 'Eugenio Siller', 'Claudia Ramírez', 'Juan Carlos Remolina', 'Ximena Lamadrid', 'Luis Roberto Guzmán', 'Fátima Molina', 'Litzy', 'Matías Novoa', 'Daniel Giménez Cacho', 'Leo Deluglio', 'Polo Morín', 'Andrés Baida', 'Ela Velden', 'Héctor Jiménez', 'Ana Lucía Domínguez', 'Iñaki Godoy', 'Marco Zapata', 'Jean Reno', 'Rebecca Jones']","['Ominous', 'Dark']",[],[]
81294506,Season 2,2021,2,81303917,2559,2,Blood on Their Hands,Lorenzo agrees to be Álex's lawyer. Mariana decides what to do with Elroy. Elisa becomes collateral damage in one of Álex's attacks against César.,https://occ-0-2461-2186.1.nflxso.net/dnm/api/v6/9pS1daC2n6UGc3dUogvWIPMR_OU/AAAABWK3QmbZPQxmN7ELZNHX9rLBiYUNWO8mer5_NIw3LefJevW5QQdgzBVZno744JTIEpe1mJ_Tlv0ZQbsH-HDPOwADwYTTULXRyRGDlTklgYr5brwZUl80NWCo0A.webp?r=4e2,81166747,¿Quién mató a Sara?,show,2022,,https://occ-0-2461-2186.1.nflxso.net/dnm/api/v6/6gmvu2hxdfnQ55LZZjyzYR4kzGk/AAAABeqnhkwrMmGSbVHHVW8j-awEyOHuJHKTRf31DTcHSWuSty-JWOI7AAgeQmq03K7Y7seIwtQdcl14PkUPc2tTt1HeHumVmi5TasL_74L8jWDZdli3LfYXyoYQxFAZFpXhE-5l.jpg?r=987,True,A,Content restricted to adults,"['nudity', 'self-harm', 'sex', 'sexual violence', 'suicide', 'tobacco use', 'violence']",India,"Hell-bent on exacting revenge and proving he was framed for his sister's murder, Álex sets out to unearth much more than the crime's real culprit.","['TV Dramas', 'Mexican', 'TV Mysteries', 'Crime TV Shows', 'TV Thrillers']","['Manolo Cardona', 'Ginés García Millán', 'Carolina Miranda', 'Alejandro Nones', 'Eugenio Siller', 'Claudia Ramírez', 'Juan Carlos Remolina', 'Ximena Lamadrid', 'Luis Roberto Guzmán', 'Fátima Molina', 'Litzy', 'Matías Novoa', 'Daniel Giménez Cacho', 'Leo Deluglio', 'Polo Morín', 'Andrés Baida', 'Ela Velden', 'Héctor Jiménez', 'Ana Lucía Domínguez', 'Iñaki Godoy', 'Marco Zapata', 'Jean Reno', 'Rebecca Jones']","['Ominous', 'Dark']",[],[]
81294506,Season 2,2021,2,81303918,2678,3,Collapse,Álex’s obsession with revenge prompts Elisa to make a choice. Moncho breaks into Chema and Lorenzo's house. Sara learns a shocking truth about herself.,https://occ-0-2461-2186.1.nflxso.net/dnm/api/v6/9pS1daC2n6UGc3dUogvWIPMR_OU/AAAABZP3WHvOKAEY0_UPKdGchVsChUdVYd7MuToPfR1L4DQRbr--enuS5woyhSwULLmJ6k8iT5YthF6xUvXJRoV7UfXoexMja-nfev8mUHoUGwLBHDTChwzsP8yecQ.webp?r=cad,81166747,¿Quién mató a Sara?,show,2022,,https://occ-0-2461-2186.1.nflxso.net/dnm/api/v6/6gmvu2hxdfnQ55LZZjyzYR4kzGk/AAAABeqnhkwrMmGSbVHHVW8j-awEyOHuJHKTRf31DTcHSWuSty-JWOI7AAgeQmq03K7Y7seIwtQdcl14PkUPc2tTt1HeHumVmi5TasL_74L8jWDZdli3LfYXyoYQxFAZFpXhE-5l.jpg?r=987,True,A,Content restricted to adults,"['nudity', 'self-harm', 'sex', 'sexual violence', 'suicide', 'tobacco use', 'violence']",India,"Hell-bent on exacting revenge and proving he was framed for his sister's murder, Álex sets out to unearth much more than the crime's real culprit.","['TV Dramas', 'Mexican', 'TV Mysteries', 'Crime TV Shows', 'TV Thrillers']","['Manolo Cardona', 'Ginés García Millán', 'Carolina Miranda', 'Alejandro Nones', 'Eugenio Siller', 'Claudia Ramírez', 'Juan Carlos Remolina', 'Ximena Lamadrid', 'Luis Roberto Guzmán', 'Fátima Molina', 'Litzy', 'Matías Novoa', 'Daniel Giménez Cacho', 'Leo Deluglio', 'Polo Morín', 'Andrés Baida', 'Ela Velden', 'Héctor Jiménez', 'Ana Lucía Domínguez', 'Iñaki Godoy', 'Marco Zapata', 'Jean Reno', 'Rebecca Jones']","['Ominous', 'Dark']",[],[]
81294506,Season 2,2021,2,81303919,2411,4,It's All on You,"Six months later, Álex discovers the identity of the corpse in his backyard. Meanwhile, César has disappeared and Elisa comes back from Europe.",https://occ-0-2461-2186.1.nflxso.net/dnm/api/v6/9pS1daC2n6UGc3dUogvWIPMR_OU/AAAABRoKa_yHt80LdzQdwXOYUBlav8Kp3l79X8geCWwz3LyPlQYXhDAf0IGSpJl7hGFli48nf7BXW-W46M2uRelpmxpRYKPwJoecFHtt0M3erbNTMf66wcZYNHFzcA.webp?r=fd5,81166747,¿Quién mató a Sara?,show,2022,,https://occ-0-2461-2186.1.nflxso.net/dnm/api/v6/6gmvu2hxdfnQ55LZZjyzYR4kzGk/AAAABeqnhkwrMmGSbVHHVW8j-awEyOHuJHKTRf31DTcHSWuSty-JWOI7AAgeQmq03K7Y7seIwtQdcl14PkUPc2tTt1HeHumVmi5TasL_74L8jWDZdli3LfYXyoYQxFAZFpXhE-5l.jpg?r=987,True,A,Content restricted to adults,"['nudity', 'self-harm', 'sex', 'sexual violence', 'suicide', 'tobacco use', 'violence']",India,"Hell-bent on exacting revenge and proving he was framed for his sister's murder, Álex sets out to unearth much more than the crime's real culprit.","['TV Dramas', 'Mexican', 'TV Mysteries', 'Crime TV Shows', 'TV Thrillers']","['Manolo Cardona', 'Ginés García Millán', 'Carolina Miranda', 'Alejandro Nones', 'Eugenio Siller', 'Claudia Ramírez', 'Juan Carlos Remolina', 'Ximena Lamadrid', 'Luis Roberto Guzmán', 'Fátima Molina', 'Litzy', 'Matías Novoa', 'Daniel Giménez Cacho', 'Leo Deluglio', 'Polo Morín', 'Andrés Baida', 'Ela Velden', 'Héctor Jiménez', 'Ana Lucía Domínguez', 'Iñaki Godoy', 'Marco Zapata', 'Jean Reno', 'Rebecca Jones']","['Ominous', 'Dark']",[],[]
81294506,Season 2,2021,2,81303920,2523,5,The Dead Speak,Álex helps Lorenzo and Chema with the aftermath of what happened at their house. Sergio targets Elisa to hurt César. Nicandro meets up with Marifer.,https://occ-0-2461-2186.1.nflxso.net/dnm/api/v6/9pS1daC2n6UGc3dUogvWIPMR_OU/AAAABblX0s76Ej3mK_B9POsvlHYycj3ls1EOHW46n0kk33CVF7iT7Un42Cz9yH4q5ugOlFJ_KwGJkSIKOI9RgjTb2ctPwB8lAPlywwDg9AaqEfIT2Avctzv-mkdP-w.webp?r=53a,81166747,¿Quién mató a Sara?,show,2022,,https://occ-0-2461-2186.1.nflxso.net/dnm/api/v6/6gmvu2hxdfnQ55LZZjyzYR4kzGk/AAAABeqnhkwrMmGSbVHHVW8j-awEyOHuJHKTRf31DTcHSWuSty-JWOI7AAgeQmq03K7Y7seIwtQdcl14PkUPc2tTt1HeHumVmi5TasL_74L8jWDZdli3LfYXyoYQxFAZFpXhE-5l.jpg?r=987,True,A,Content restricted to adults,"['nudity', 'self-harm', 'sex', 'sexual violence', 'suicide', 'tobacco use', 'violence']",India,"Hell-bent on exacting revenge and proving he was framed for his sister's murder, Álex sets out to unearth much more than the crime's real culprit.","['TV Dramas', 'Mexican', 'TV Mysteries', 'Crime TV Shows', 'TV Thrillers']","['Manolo Cardona', 'Ginés García Millán', 'Carolina Miranda', 'Alejandro Nones', 'Eugenio Siller', 'Claudia Ramírez', 'Juan Carlos Remolina', 'Ximena Lamadrid', 'Luis Roberto Guzmán', 'Fátima Molina', 'Litzy', 'Matías Novoa', 'Daniel Giménez Cacho', 'Leo Deluglio', 'Polo Morín', 'Andrés Baida', 'Ela Velden', 'Héctor Jiménez', 'Ana Lucía Domínguez', 'Iñaki Godoy', 'Marco Zapata', 'Jean Reno', 'Rebecca Jones']","['Ominous', 'Dark']",[],[]
81294506,Season 2,2021,2,81303921,2573,6,This Is Personal,An officer shows up at Lorenzo's office to inquire about Moncho. Marifer discloses her plan to find her mom to Nicandro. Álex focuses on finding Elisa.,https://occ-0-2461-2186.1.nflxso.net/dnm/api/v6/9pS1daC2n6UGc3dUogvWIPMR_OU/AAAABe-J6lvuT9XziLvkSG6y0Q3B5rclMV6n3cQ90Q8Zyz3UsU6RRfFY9hKgq9XP3mgdDFsSd6z8J4GBGNVC84Rj6ZldWzbsv8fcutGrKRX7O-OIeYDlqgUeHhpZkg.webp?r=91e,81166747,¿Quién mató a Sara?,show,2022,,https://occ-0-2461-2186.1.nflxso.net/dnm/api/v6/6gmvu2hxdfnQ55LZZjyzYR4kzGk/AAAABeqnhkwrMmGSbVHHVW8j-awEyOHuJHKTRf31DTcHSWuSty-JWOI7AAgeQmq03K7Y7seIwtQdcl14PkUPc2tTt1HeHumVmi5TasL_74L8jWDZdli3LfYXyoYQxFAZFpXhE-5l.jpg?r=987,True,A,Content restricted to adults,"['nudity', 'self-harm', 'sex', 'sexual violence', 'suicide', 'tobacco use', 'violence']",India,"Hell-bent on exacting revenge and proving he was framed for his sister's murder, Álex sets out to unearth much more than the crime's real culprit.","['TV Dramas', 'Mexican', 'TV Mysteries', 'Crime TV Shows', 'TV Thrillers']","['Manolo Cardona', 'Ginés García Millán', 'Carolina Miranda', 'Alejandro Nones', 'Eugenio Siller', 'Claudia Ramírez', 'Juan Carlos Remolina', 'Ximena Lamadrid', 'Luis Roberto Guzmán', 'Fátima Molina', 'Litzy', 'Matías Novoa', 'Daniel Giménez Cacho', 'Leo Deluglio', 'Polo Morín', 'Andrés Baida', 'Ela Velden', 'Héctor Jiménez', 'Ana Lucía Domínguez', 'Iñaki Godoy', 'Marco Zapata', 'Jean Reno', 'Rebecca Jones']","['Ominous', 'Dark']",[],[]
81294506,Season 2,2021,2,81303922,2683,7,We Were Never Friends,Flashbacks reveal Sara and Marifer's connection. Moncho's brother exacts his revenge. Nicandro hands Álex the ultimate proof of Sara's double life.,https://occ-0-2461-2186.1.nflxso.net/dnm/api/v6/9pS1daC2n6UGc3dUogvWIPMR_OU/AAAABdHalzIWrsuCjyMP3JpV3AACOWUE0A26ZPvH7UzAf7DT1lzhe8o6vI18zJ9BEscfrN4FRffrUNHmgG15wo7mG7qDAT37RP9OJpNbTThnafSz1OSCHrrlYOCerg.webp?r=383,81166747,¿Quién mató a Sara?,show,2022,,https://occ-0-2461-2186.1.nflxso.net/dnm/api/v6/6gmvu2hxdfnQ55LZZjyzYR4kzGk/AAAABeqnhkwrMmGSbVHHVW8j-awEyOHuJHKTRf31DTcHSWuSty-JWOI7AAgeQmq03K7Y7seIwtQdcl14PkUPc2tTt1HeHumVmi5TasL_74L8jWDZdli3LfYXyoYQxFAZFpXhE-5l.jpg?r=987,True,A,Content restricted to adults,"['nudity', 'self-harm', 'sex', 'sexual violence', 'suicide', 'tobacco use', 'violence']",India,"Hell-bent on exacting revenge and proving he was framed for his sister's murder, Álex sets out to unearth much more than the crime's real culprit.","['TV Dramas', 'Mexican', 'TV Mysteries', 'Crime TV Shows', 'TV Thrillers']","['Manolo Cardona', 'Ginés García Millán', 'Carolina Miranda', 'Alejandro Nones', 'Eugenio Siller', 'Claudia Ramírez', 'Juan Carlos Remolina', 'Ximena Lamadrid', 'Luis Roberto Guzmán', 'Fátima Molina', 'Litzy', 'Matías Novoa', 'Daniel Giménez Cacho', 'Leo Deluglio', 'Polo Morín', 'Andrés Baida', 'Ela Velden', 'Héctor Jiménez', 'Ana Lucía Domínguez', 'Iñaki Godoy', 'Marco Zapata', 'Jean Reno', 'Rebecca Jones']","['Ominous', 'Dark']",[],[]
81294506,Season 2,2021,2,81303923,2792,8,I Killed Sara,A videotape hidden in Sara's closet becomes a key piece of evidence that makes everyone realize they've been seeking the murderer in the wrong place.,https://occ-0-2461-2186.1.nflxso.net/dnm/api/v6/9pS1daC2n6UGc3dUogvWIPMR_OU/AAAABeHD-DhHRQaHjLofgr1dJJpeBL2if_5zcNCvqUkvmRFcywMeFcOGbGraXL8UMsJUlRjWxMzPv1V_PAxv4kp64ewsMY4swiLnZT0289FWVOb3733lyyTQHxj7Xw.webp?r=f76,81166747,¿Quién mató a Sara?,show,2022,,https://occ-0-2461-2186.1.nflxso.net/dnm/api/v6/6gmvu2hxdfnQ55LZZjyzYR4kzGk/AAAABeqnhkwrMmGSbVHHVW8j-awEyOHuJHKTRf31DTcHSWuSty-JWOI7AAgeQmq03K7Y7seIwtQdcl14PkUPc2tTt1HeHumVmi5TasL_74L8jWDZdli3LfYXyoYQxFAZFpXhE-5l.jpg?r=987,True,A,Content restricted to adults,"['nudity', 'self-harm', 'sex', 'sexual violence', 'suicide', 'tobacco use', 'violence']",India,"Hell-bent on exacting revenge and proving he was framed for his sister's murder, Álex sets out to unearth much more than the crime's real culprit.","['TV Dramas', 'Mexican', 'TV Mysteries', 'Crime TV Shows', 'TV Thrillers']","['Manolo Cardona', 'Ginés García Millán', 'Carolina Miranda', 'Alejandro Nones', 'Eugenio Siller', 'Claudia Ramírez', 'Juan Carlos Remolina', 'Ximena Lamadrid', 'Luis Roberto Guzmán', 'Fátima Molina', 'Litzy', 'Matías Novoa', 'Daniel Giménez Cacho', 'Leo Deluglio', 'Polo Morín', 'Andrés Baida', 'Ela Velden', 'Héctor Jiménez', 'Ana Lucía Domínguez', 'Iñaki Godoy', 'Marco Zapata', 'Jean Reno', 'Rebecca Jones']","['Ominous', 'Dark']",[],[]
81465221,Season 3,2022,3,81476658,2307,1,Presumed Dead,"While investigating the link between Nicandro and Dr. Alanís, Álex uncovers a key suspect. Rodolfo asks Álex to help him bring his father to justice.",https://occ-0-2461-2186.1.nflxso.net/dnm/api/v6/9pS1daC2n6UGc3dUogvWIPMR_OU/AAAABUUuOHn-4RdZ34YB7cRXICgxK1LTjJdbeLvCXfVVT5x1OTv1mWe0Grv8cRoJJ09RCP5kkwPxhNlaeocEygDN92bP1qZws7EqNdtYp6ivs0V9prIm6C40z7y6-g.webp?r=a30,81166747,¿Quién mató a Sara?,show,2022,,https://occ-0-2461-2186.1.nflxso.net/dnm/api/v6/6gmvu2hxdfnQ55LZZjyzYR4kzGk/AAAABeqnhkwrMmGSbVHHVW8j-awEyOHuJHKTRf31DTcHSWuSty-JWOI7AAgeQmq03K7Y7seIwtQdcl14PkUPc2tTt1HeHumVmi5TasL_74L8jWDZdli3LfYXyoYQxFAZFpXhE-5l.jpg?r=987,True,A,Content restricted to adults,"['nudity', 'self-harm', 'sex', 'sexual violence', 'suicide', 'tobacco use', 'violence']",India,"Hell-bent on exacting revenge and proving he was framed for his sister's murder, Álex sets out to unearth much more than the crime's real culprit.","['TV Dramas', 'Mexican', 'TV Mysteries', 'Crime TV Shows', 'TV Thrillers']","['Manolo Cardona', 'Ginés García Millán', 'Carolina Miranda', 'Alejandro Nones', 'Eugenio Siller', 'Claudia Ramírez', 'Juan Carlos Remolina', 'Ximena Lamadrid', 'Luis Roberto Guzmán', 'Fátima Molina', 'Litzy', 'Matías Novoa', 'Daniel Giménez Cacho', 'Leo Deluglio', 'Polo Morín', 'Andrés Baida', 'Ela Velden', 'Héctor Jiménez', 'Ana Lucía Domínguez', 'Iñaki Godoy', 'Marco Zapata', 'Jean Reno', 'Rebecca Jones']","['Ominous', 'Dark']",[],[]
81465221,Season 3,2022,3,81476659,2249,2,Medusa Complex,Sara tells Nicandro's dad about his son's drug business. Reinaldo offers Marifer a deal. Álex secures protection for Chema. Nicandro visits Daniela.,https://occ-0-2461-2186.1.nflxso.net/dnm/api/v6/9pS1daC2n6UGc3dUogvWIPMR_OU/AAAABfVSbC3fH4nV1uaIf8tVVvCPgSttufasrY9zYJBFhk2UPA5WXX7SfLgJ8xhT4iMJ7oziAJvqvAvPs1NgwRJ2veH0sBhSOj2dOsKLO2D9E0UA5Y6JlIBKf3mmcQ.webp?r=f2e,81166747,¿Quién mató a Sara?,show,2022,,https://occ-0-2461-2186.1.nflxso.net/dnm/api/v6/6gmvu2hxdfnQ55LZZjyzYR4kzGk/AAAABeqnhkwrMmGSbVHHVW8j-awEyOHuJHKTRf31DTcHSWuSty-JWOI7AAgeQmq03K7Y7seIwtQdcl14PkUPc2tTt1HeHumVmi5TasL_74L8jWDZdli3LfYXyoYQxFAZFpXhE-5l.jpg?r=987,True,A,Content restricted to adults,"['nudity', 'self-harm', 'sex', 'sexual violence', 'suicide', 'tobacco use', 'violence']",India,"Hell-bent on exacting revenge and proving he was framed for his sister's murder, Álex sets out to unearth much more than the crime's real culprit.","['TV Dramas', 'Mexican', 'TV Mysteries', 'Crime TV Shows', 'TV Thrillers']","['Manolo Cardona', 'Ginés García Millán', 'Carolina Miranda', 'Alejandro Nones', 'Eugenio Siller', 'Claudia Ramírez', 'Juan Carlos Remolina', 'Ximena Lamadrid', 'Luis Roberto Guzmán', 'Fátima Molina', 'Litzy', 'Matías Novoa', 'Daniel Giménez Cacho', 'Leo Deluglio', 'Polo Morín', 'Andrés Baida', 'Ela Velden', 'Héctor Jiménez', 'Ana Lucía Domínguez', 'Iñaki Godoy', 'Marco Zapata', 'Jean Reno', 'Rebecca Jones']","['Ominous', 'Dark']",[],[]
81465221,Season 3,2022,3,81476660,2267,3,Dead or Alive,Lucía's arrival takes Álex's investigation in another direction. A new lawyer takes Chema's case. César shows up at Álex's house to reclaim his money.,https://occ-0-2461-2186.1.nflxso.net/dnm/api/v6/9pS1daC2n6UGc3dUogvWIPMR_OU/AAAABaIm7G5OcMd7JJ_A1xYF97hQf1ilUbEGUy0XzlHWcvdAFsI52HFZaHUWrekbZVAwkiqxewavaisDCsyChQ8XLjEPclQo0Gdzgk7ozWlSx4cWCP3RclQNGtzOjA.webp?r=e72,81166747,¿Quién mató a Sara?,show,2022,,https://occ-0-2461-2186.1.nflxso.net/dnm/api/v6/6gmvu2hxdfnQ55LZZjyzYR4kzGk/AAAABeqnhkwrMmGSbVHHVW8j-awEyOHuJHKTRf31DTcHSWuSty-JWOI7AAgeQmq03K7Y7seIwtQdcl14PkUPc2tTt1HeHumVmi5TasL_74L8jWDZdli3LfYXyoYQxFAZFpXhE-5l.jpg?r=987,True,A,Content restricted to adults,"['nudity', 'self-harm', 'sex', 'sexual violence', 'suicide', 'tobacco use', 'violence']",India,"Hell-bent on exacting revenge and proving he was framed for his sister's murder, Álex sets out to unearth much more than the crime's real culprit.","['TV Dramas', 'Mexican', 'TV Mysteries', 'Crime TV Shows', 'TV Thrillers']","['Manolo Cardona', 'Ginés García Millán', 'Carolina Miranda', 'Alejandro Nones', 'Eugenio Siller', 'Claudia Ramírez', 'Juan Carlos Remolina', 'Ximena Lamadrid', 'Luis Roberto Guzmán', 'Fátima Molina', 'Litzy', 'Matías Novoa', 'Daniel Giménez Cacho', 'Leo Deluglio', 'Polo Morín', 'Andrés Baida', 'Ela Velden', 'Héctor Jiménez', 'Ana Lucía Domínguez', 'Iñaki Godoy', 'Marco Zapata', 'Jean Reno', 'Rebecca Jones']","['Ominous', 'Dark']",[],[]
81465221,Season 3,2022,3,81476661,2448,4,Welcome to the Medusa Center,Álex fights for his life in the hospital. A distressed Chema asks his mom for help. A flashback shows how Sara became the focus of Reinaldo's experiment.,https://occ-0-2461-2186.1.nflxso.net/dnm/api/v6/9pS1daC2n6UGc3dUogvWIPMR_OU/AAAABRZAc5Vn_6cTeFoc2O61dOT04UsN4N1uzGKyICC0f55EYb_8CzCR667XsHY3AmuZCuuW3JZEuvmxScSHnDU5oammb-rlr9CB6V9wCCzx1G2qVFzWV8xlIlvMzQ.webp?r=60c,81166747,¿Quién mató a Sara?,show,2022,,https://occ-0-2461-2186.1.nflxso.net/dnm/api/v6/6gmvu2hxdfnQ55LZZjyzYR4kzGk/AAAABeqnhkwrMmGSbVHHVW8j-awEyOHuJHKTRf31DTcHSWuSty-JWOI7AAgeQmq03K7Y7seIwtQdcl14PkUPc2tTt1HeHumVmi5TasL_74L8jWDZdli3LfYXyoYQxFAZFpXhE-5l.jpg?r=987,True,A,Content restricted to adults,"['nudity', 'self-harm', 'sex', 'sexual violence', 'suicide', 'tobacco use', 'violence']",India,"Hell-bent on exacting revenge and proving he was framed for his sister's murder, Álex sets out to unearth much more than the crime's real culprit.","['TV Dramas', 'Mexican', 'TV Mysteries', 'Crime TV Shows', 'TV Thrillers']","['Manolo Cardona', 'Ginés García Millán', 'Carolina Miranda', 'Alejandro Nones', 'Eugenio Siller', 'Claudia Ramírez', 'Juan Carlos Remolina', 'Ximena Lamadrid', 'Luis Roberto Guzmán', 'Fátima Molina', 'Litzy', 'Matías Novoa', 'Daniel Giménez Cacho', 'Leo Deluglio', 'Polo Morín', 'Andrés Baida', 'Ela Velden', 'Héctor Jiménez', 'Ana Lucía Domínguez', 'Iñaki Godoy', 'Marco Zapata', 'Jean Reno', 'Rebecca Jones']","['Ominous', 'Dark']",[],[]
81465221,Season 3,2022,3,81476662,2416,5,Lab Rats,"Worried about her treatment, Sara attempts to expose Reinaldo. Chema is admitted to the Medusa Center. César reveals crucial information to Álex.",https://occ-0-2461-2186.1.nflxso.net/dnm/api/v6/9pS1daC2n6UGc3dUogvWIPMR_OU/AAAABRyEKH1vfNSA3I-kor8XDSMQPT6oRhpX53Tdjg_THaq1E5xoa2OPq-990VcO2AgZ_nhTbACNZbS2xmE-r0782mIRZOokV5YOpTLXoBpvgnJJ9YJp0GS1DIuaiA.webp?r=2e5,81166747,¿Quién mató a Sara?,show,2022,,https://occ-0-2461-2186.1.nflxso.net/dnm/api/v6/6gmvu2hxdfnQ55LZZjyzYR4kzGk/AAAABeqnhkwrMmGSbVHHVW8j-awEyOHuJHKTRf31DTcHSWuSty-JWOI7AAgeQmq03K7Y7seIwtQdcl14PkUPc2tTt1HeHumVmi5TasL_74L8jWDZdli3LfYXyoYQxFAZFpXhE-5l.jpg?r=987,True,A,Content restricted to adults,"['nudity', 'self-harm', 'sex', 'sexual violence', 'suicide', 'tobacco use', 'violence']",India,"Hell-bent on exacting revenge and proving he was framed for his sister's murder, Álex sets out to unearth much more than the crime's real culprit.","['TV Dramas', 'Mexican', 'TV Mysteries', 'Crime TV Shows', 'TV Thrillers']","['Manolo Cardona', 'Ginés García Millán', 'Carolina Miranda', 'Alejandro Nones', 'Eugenio Siller', 'Claudia Ramírez', 'Juan Carlos Remolina', 'Ximena Lamadrid', 'Luis Roberto Guzmán', 'Fátima Molina', 'Litzy', 'Matías Novoa', 'Daniel Giménez Cacho', 'Leo Deluglio', 'Polo Morín', 'Andrés Baida', 'Ela Velden', 'Héctor Jiménez', 'Ana Lucía Domínguez', 'Iñaki Godoy', 'Marco Zapata', 'Jean Reno', 'Rebecca Jones']","['Ominous', 'Dark']",[],[]
81465221,Season 3,2022,3,81476663,2376,6,What Happened to Sara,"César pays a visit to Tonya and resorts to a drastic method to get information about Sara. Under Reinaldo's watch, Chema undergoes horrifying treatment.",https://occ-0-2461-2186.1.nflxso.net/dnm/api/v6/9pS1daC2n6UGc3dUogvWIPMR_OU/AAAABb924Vb9wz9z99SUwGXZWrUCgmvGLJPozPdsuDsUNyJq_iY5jPKpu5RKTXq_K_8ExwsN8UEoLalw9uP4T0056hO1hG9a9Ubmpzp7r0hTk0bpoMYEkG_o8IvNBQ.webp?r=863,81166747,¿Quién mató a Sara?,show,2022,,https://occ-0-2461-2186.1.nflxso.net/dnm/api/v6/6gmvu2hxdfnQ55LZZjyzYR4kzGk/AAAABeqnhkwrMmGSbVHHVW8j-awEyOHuJHKTRf31DTcHSWuSty-JWOI7AAgeQmq03K7Y7seIwtQdcl14PkUPc2tTt1HeHumVmi5TasL_74L8jWDZdli3LfYXyoYQxFAZFpXhE-5l.jpg?r=987,True,A,Content restricted to adults,"['nudity', 'self-harm', 'sex', 'sexual violence', 'suicide', 'tobacco use', 'violence']",India,"Hell-bent on exacting revenge and proving he was framed for his sister's murder, Álex sets out to unearth much more than the crime's real culprit.","['TV Dramas', 'Mexican', 'TV Mysteries', 'Crime TV Shows', 'TV Thrillers']","['Manolo Cardona', 'Ginés García Millán', 'Carolina Miranda', 'Alejandro Nones', 'Eugenio Siller', 'Claudia Ramírez', 'Juan Carlos Remolina', 'Ximena Lamadrid', 'Luis Roberto Guzmán', 'Fátima Molina', 'Litzy', 'Matías Novoa', 'Daniel Giménez Cacho', 'Leo Deluglio', 'Polo Morín', 'Andrés Baida', 'Ela Velden', 'Héctor Jiménez', 'Ana Lucía Domínguez', 'Iñaki Godoy', 'Marco Zapata', 'Jean Reno', 'Rebecca Jones']","['Ominous', 'Dark']",[],[]
81465221,Season 3,2022,3,81476664,2864,7,"What Did You Do, Sara?","When the truth of what happened to Sara is finally exposed, Álex unleashes one last act of revenge on the Medusa Center.",https://occ-0-2461-2186.1.nflxso.net/dnm/api/v6/9pS1daC2n6UGc3dUogvWIPMR_OU/AAAABYpnjyvO69wA5k-XLD81l4JJysfABgu3KUKopxuGAn5uhrQGitJMtzsTv3I1dPDpIHACNqnJ0YenygnaSdd-xvX7Dk7TBRwcKrEhF0qcqlu82hGYAFJg3rvmdg.webp?r=d34,81166747,¿Quién mató a Sara?,show,2022,,https://occ-0-2461-2186.1.nflxso.net/dnm/api/v6/6gmvu2hxdfnQ55LZZjyzYR4kzGk/AAAABeqnhkwrMmGSbVHHVW8j-awEyOHuJHKTRf31DTcHSWuSty-JWOI7AAgeQmq03K7Y7seIwtQdcl14PkUPc2tTt1HeHumVmi5TasL_74L8jWDZdli3LfYXyoYQxFAZFpXhE-5l.jpg?r=987,True,A,Content restricted to adults,"['nudity', 'self-harm', 'sex', 'sexual violence', 'suicide', 'tobacco use', 'violence']",India,"Hell-bent on exacting revenge and proving he was framed for his sister's murder, Álex sets out to unearth much more than the crime's real culprit.","['TV Dramas', 'Mexican', 'TV Mysteries', 'Crime TV Shows', 'TV Thrillers']","['Manolo Cardona', 'Ginés García Millán', 'Carolina Miranda', 'Alejandro Nones', 'Eugenio Siller', 'Claudia Ramírez', 'Juan Carlos Remolina', 'Ximena Lamadrid', 'Luis Roberto Guzmán', 'Fátima Molina', 'Litzy', 'Matías Novoa', 'Daniel Giménez Cacho', 'Leo Deluglio', 'Polo Morín', 'Andrés Baida', 'Ela Velden', 'Héctor Jiménez', 'Ana Lucía Domínguez', 'Iñaki Godoy', 'Marco Zapata', 'Jean Reno', 'Rebecca Jones']","['Ominous', 'Dark']",[],[]
81044209,(Un)Well,2020,1,81076172,3275,1,Essential Oils,"Once fringe but now at the center of billion-dollar multilevel marketing companies, plant extracts can help us cope with anxiety. Are they a remedy?",https://occ-0-2461-2186.1.nflxso.net/dnm/api/v6/9pS1daC2n6UGc3dUogvWIPMR_OU/AAAABTeUABh9v6VXsBxYJTN0KOT8--bEkzeFmQlju91nVEN2jGfWB0aifF-19MxcDPiiWLlfIM3fNAsFKgudlxe4Vx35Js0Vpq7CMOW3d55RE56vUwkgEKRLVQJ3Ng.webp?r=8de,81044208,(Un)Well,show,2020,,https://occ-0-2461-2186.1.nflxso.net/dnm/api/v6/6gmvu2hxdfnQ55LZZjyzYR4kzGk/AAAABUSAStq-8nTnU3JbuUGG98CI3r5U6JDIfbWYWnzUrfybgTT3uOtoIyR1d-5w5JjyzrnoZnAfaWKcynYawhjuHNzFx8Y97z0NR44Ih3dRfD8PEJJSYA7vGU5JnXvOLQedqgwE.jpg?r=a41,True,A,Content restricted to adults,"['sexual violence references', 'nudity', 'substances']",India,"This docuseries takes a deep dive into the lucrative wellness industry, which touts health and healing. But do the products live up to the promises?","['Reality TV', 'US TV Shows', 'Lifestyle']",[],"['Provocative', 'Investigative']",[],[]
81044209,(Un)Well,2020,1,81076176,2902,2,Tantric Sex,"Sexual healing releases energy and improves intimacy, advocates say. But accusations of abuse and cultural appropriation have dogged the practice.",https://occ-0-2461-2186.1.nflxso.net/dnm/api/v6/9pS1daC2n6UGc3dUogvWIPMR_OU/AAAABbAs3_wzDcwjubPEzsjKZZ5JDRL88FlvXyy8wZ05GaNA1IZZ4W0LQb6JlhKqoz7mAxx3ej3dFN6gznGpvwmF4ZNNPqGmhaWukG8U8ODoYzMBORMEBu6EPj2vHg.webp?r=c89,81044208,(Un)Well,show,2020,,https://occ-0-2461-2186.1.nflxso.net/dnm/api/v6/6gmvu2hxdfnQ55LZZjyzYR4kzGk/AAAABUSAStq-8nTnU3JbuUGG98CI3r5U6JDIfbWYWnzUrfybgTT3uOtoIyR1d-5w5JjyzrnoZnAfaWKcynYawhjuHNzFx8Y97z0NR44Ih3dRfD8PEJJSYA7vGU5JnXvOLQedqgwE.jpg?r=a41,True,A,Content restricted to adults,"['sexual violence references', 'nudity', 'substances']",India,"This docuseries takes a deep dive into the lucrative wellness industry, which touts health and healing. But do the products live up to the promises?","['Reality TV', 'US TV Shows', 'Lifestyle']",[],"['Provocative', 'Investigative']",[],[]
81044209,(Un)Well,2020,1,81076173,3119,3,Bulking Up with Breast Milk,"Bodybuilding is just one reason why some adults are pumped to drink so-called ""liquid gold."" Yet is breast milk sharing considered safe — or ethical?",https://occ-0-2461-2186.1.nflxso.net/dnm/api/v6/9pS1daC2n6UGc3dUogvWIPMR_OU/AAAABQ53ecg9CrgGY4tepAicvT31B7ellsEpQBYfzfiNyNY5cO_PPZjZjFqQkD4AKfxpqSxI-2s7po6BHj9WCvRofxVXZmotOPNamx46HFjFz3qwCUa-wQa0t_4Tkw.webp?r=c5c,81044208,(Un)Well,show,2020,,https://occ-0-2461-2186.1.nflxso.net/dnm/api/v6/6gmvu2hxdfnQ55LZZjyzYR4kzGk/AAAABUSAStq-8nTnU3JbuUGG98CI3r5U6JDIfbWYWnzUrfybgTT3uOtoIyR1d-5w5JjyzrnoZnAfaWKcynYawhjuHNzFx8Y97z0NR44Ih3dRfD8PEJJSYA7vGU5JnXvOLQedqgwE.jpg?r=a41,True,A,Content restricted to adults,"['sexual violence references', 'nudity', 'substances']",India,"This docuseries takes a deep dive into the lucrative wellness industry, which touts health and healing. But do the products live up to the promises?","['Reality TV', 'US TV Shows', 'Lifestyle']",[],"['Provocative', 'Investigative']",[],[]
81044209,(Un)Well,2020,1,81076174,2924,4,Fasting,Fasting has vaulted beyond weight loss as biohackers have used it to optimize body and mind and enhance healing. But the practice holds real dangers.,https://occ-0-2461-2186.1.nflxso.net/dnm/api/v6/9pS1daC2n6UGc3dUogvWIPMR_OU/AAAABbK4BuMdche8LWTLEpcIQAlRvA9sNFnukEHxlAnlCGGc-F-SIwmZ7gIs669StyDSRb8Cpv3fa0VcjCRrc5lCEf6Gp_U1m20ZzCTIZlowKcnrBlAb3qXQyubFVg.webp?r=1e3,81044208,(Un)Well,show,2020,,https://occ-0-2461-2186.1.nflxso.net/dnm/api/v6/6gmvu2hxdfnQ55LZZjyzYR4kzGk/AAAABUSAStq-8nTnU3JbuUGG98CI3r5U6JDIfbWYWnzUrfybgTT3uOtoIyR1d-5w5JjyzrnoZnAfaWKcynYawhjuHNzFx8Y97z0NR44Ih3dRfD8PEJJSYA7vGU5JnXvOLQedqgwE.jpg?r=a41,True,A,Content restricted to adults,"['sexual violence references', 'nudity', 'substances']",India,"This docuseries takes a deep dive into the lucrative wellness industry, which touts health and healing. But do the products live up to the promises?","['Reality TV', 'US TV Shows', 'Lifestyle']",[],"['Provocative', 'Investigative']",[],[]
81044209,(Un)Well,2020,1,81076175,3461,5,Ayahuasca,"Once reserved for Indigenous shamans, this powerful hallucinogen draws those hoping to unlock trauma and quell addiction. Can it also cause psychosis?",https://occ-0-2461-2186.1.nflxso.net/dnm/api/v6/9pS1daC2n6UGc3dUogvWIPMR_OU/AAAABaxNw_etvMeSd6yPzmojOLY-eytO7v2yLUFmk7x21C_SotfVBV1f3XCf0aYKUd3ln19ZeOLubjfFk5r-TCmVC4o5i2rBNdiqPDLAHScZmssaisAyG4LqHUaLTA.webp?r=152,81044208,(Un)Well,show,2020,,https://occ-0-2461-2186.1.nflxso.net/dnm/api/v6/6gmvu2hxdfnQ55LZZjyzYR4kzGk/AAAABUSAStq-8nTnU3JbuUGG98CI3r5U6JDIfbWYWnzUrfybgTT3uOtoIyR1d-5w5JjyzrnoZnAfaWKcynYawhjuHNzFx8Y97z0NR44Ih3dRfD8PEJJSYA7vGU5JnXvOLQedqgwE.jpg?r=a41,True,A,Content restricted to adults,"['sexual violence references', 'nudity', 'substances']",India,"This docuseries takes a deep dive into the lucrative wellness industry, which touts health and healing. But do the products live up to the promises?","['Reality TV', 'US TV Shows', 'Lifestyle']",[],"['Provocative', 'Investigative']",[],[]
81044209,(Un)Well,2020,1,81076171,3331,6,Bee Sting Therapy,Expensive and labor-intensive bee venom promises to soften wrinkles and treat chronic Lyme disease. But do the risks outweigh the rewards?,https://occ-0-2461-2186.1.nflxso.net/dnm/api/v6/9pS1daC2n6UGc3dUogvWIPMR_OU/AAAABcQyHqdjJno7LhEF8rwERCiwtONpWrxu0UM-7llUzWnQtqQm4hxTCNpDEJSt0m6LPiIrePox8fSdCeI0xRmZ_ta9dp0_jlk_k3fIjKC9Z0IrjoLpcnnGE8Pi7w.webp?r=0f2,81044208,(Un)Well,show,2020,,https://occ-0-2461-2186.1.nflxso.net/dnm/api/v6/6gmvu2hxdfnQ55LZZjyzYR4kzGk/AAAABUSAStq-8nTnU3JbuUGG98CI3r5U6JDIfbWYWnzUrfybgTT3uOtoIyR1d-5w5JjyzrnoZnAfaWKcynYawhjuHNzFx8Y97z0NR44Ih3dRfD8PEJJSYA7vGU5JnXvOLQedqgwE.jpg?r=a41,True,A,Content restricted to adults,"['sexual violence references', 'nudity', 'substances']",India,"This docuseries takes a deep dive into the lucrative wellness industry, which touts health and healing. But do the products live up to the promises?","['Reality TV', 'US TV Shows', 'Lifestyle']",[],"['Provocative', 'Investigative']",[],[]
81684734,【OSHI NO KO】,2023,1,81684735,4920,1,Episode 1,"Goro is devastated when his favorite idol announces that she's taking a break, and he's even more shocked by a new patient who walks into his clinic.",https://occ-0-2461-2186.1.nflxso.net/dnm/api/v6/9pS1daC2n6UGc3dUogvWIPMR_OU/AAAABVJ1UpCL17Ir6VNBddvyWXDxTbkLXia0FtrVdEy6pqcqEHUGlVXLGnT20EVN6574-J1VVh8mBVWHvefQcr1JHKI_jirX63zXE4_OMq6dnAzL5u01_Mi5p-N7Bw.webp?r=0cc,81684733,【OSHI NO KO】,show,2023,,https://occ-0-2461-2186.1.nflxso.net/dnm/api/v6/6gmvu2hxdfnQ55LZZjyzYR4kzGk/AAAABfN1I788QIZqMRfJc6E3yKrS_2gkVmp-aC9H_hCVAl_22HjTkNa_rb6gRyA-lidf92ZGoMc4-MQiT7bkFJxNdhPIzOvij3lg69A.webp?r=ae0,False,U/A 16+,Suitable for persons aged 16 and above and under parental guidance for people under age of 16,"['gore', 'suicide', 'tobacco use']",India,A small-town doctor gets sucked into the ruthless world of show business when he crosses paths with a popular teen idol who holds a secret.,"['Japanese', 'Anime Series', 'Drama Anime', 'Seinen Anime', 'TV Shows Based on Manga']","['Rie Takahashi', 'Takeo Otsuka', 'Yurie Igoma', 'Megumi Han', 'Kent Ito', 'Tomoyo Takayanagi', 'Yumi Uchiyama']",['Exciting'],[],[]
81684734,【OSHI NO KO】,2023,1,81684736,1482,2,Episode 2,"Now a teenager, Ruby sets her sights on becoming an idol, but her twin brother Aqua covertly tries his best to prevent her from achieving her dream.",https://occ-0-2461-2186.1.nflxso.net/dnm/api/v6/9pS1daC2n6UGc3dUogvWIPMR_OU/AAAABbb3AnKIo0zOnkMYN4IjbzSr2gmcSb96q5n3K23K5qoS5c0BL42W8PKuxPJdqQ21QyDcwsd20tAIGnG0UIedOQ9PqqyL1C8NqLENWVLmahWScegGB1FtO5r1oA.webp?r=0e6,81684733,【OSHI NO KO】,show,2023,,https://occ-0-2461-2186.1.nflxso.net/dnm/api/v6/6gmvu2hxdfnQ55LZZjyzYR4kzGk/AAAABfN1I788QIZqMRfJc6E3yKrS_2gkVmp-aC9H_hCVAl_22HjTkNa_rb6gRyA-lidf92ZGoMc4-MQiT7bkFJxNdhPIzOvij3lg69A.webp?r=ae0,False,U/A 16+,Suitable for persons aged 16 and above and under parental guidance for people under age of 16,"['gore', 'suicide', 'tobacco use']",India,A small-town doctor gets sucked into the ruthless world of show business when he crosses paths with a popular teen idol who holds a secret.,"['Japanese', 'Anime Series', 'Drama Anime', 'Seinen Anime', 'TV Shows Based on Manga']","['Rie Takahashi', 'Takeo Otsuka', 'Yurie Igoma', 'Megumi Han', 'Kent Ito', 'Tomoyo Takayanagi', 'Yumi Uchiyama']",['Exciting'],[],[]
81684734,【OSHI NO KO】,2023,1,81684737,1516,3,Episode 3,"Kana offers to get Aqua a role in a TV series, but he refuses — until he realizes he has seen the producer's name in the contact list on Ai's phone.",https://occ-0-2461-2186.1.nflxso.net/dnm/api/v6/9pS1daC2n6UGc3dUogvWIPMR_OU/AAAABUeWJDrnOORIEABxqepzkgnm94BYJH2z1O3Wu1M1pBzbPTe1owJYCJw3cCQQ181CKWyjOMtxRY9dlUd27iJyhASSNz1DNx4iQ0jYPquwf-yV9YopsahtZdTv9g.webp?r=d18,81684733,【OSHI NO KO】,show,2023,,https://occ-0-2461-2186.1.nflxso.net/dnm/api/v6/6gmvu2hxdfnQ55LZZjyzYR4kzGk/AAAABfN1I788QIZqMRfJc6E3yKrS_2gkVmp-aC9H_hCVAl_22HjTkNa_rb6gRyA-lidf92ZGoMc4-MQiT7bkFJxNdhPIzOvij3lg69A.webp?r=ae0,False,U/A 16+,Suitable for persons aged 16 and above and under parental guidance for people under age of 16,"['gore', 'suicide', 'tobacco use']",India,A small-town doctor gets sucked into the ruthless world of show business when he crosses paths with a popular teen idol who holds a secret.,"['Japanese', 'Anime Series', 'Drama Anime', 'Seinen Anime', 'TV Shows Based on Manga']","['Rie Takahashi', 'Takeo Otsuka', 'Yurie Igoma', 'Megumi Han', 'Kent Ito', 'Tomoyo Takayanagi', 'Yumi Uchiyama']",['Exciting'],[],[]
81684734,【OSHI NO KO】,2023,1,81684738,1422,4,Episode 4,Kana does her best to bring quality to the series but is dismayed by the indifference of her co-star and director. Aqua’s acting changes everything.,https://occ-0-2461-2186.1.nflxso.net/dnm/api/v6/9pS1daC2n6UGc3dUogvWIPMR_OU/AAAABUa_PKAgI-JV-24GQMfE4bNXsmqW0QGNbCRSUUh-b3aQYmmXf-8TZ0F9zB9oTeya-VOwP2YVqOpXP_O89rwwgqLLub8mXBBZoYnB22py8WlWYvHlxdWvdLGIBQ.webp?r=c4b,81684733,【OSHI NO KO】,show,2023,,https://occ-0-2461-2186.1.nflxso.net/dnm/api/v6/6gmvu2hxdfnQ55LZZjyzYR4kzGk/AAAABfN1I788QIZqMRfJc6E3yKrS_2gkVmp-aC9H_hCVAl_22HjTkNa_rb6gRyA-lidf92ZGoMc4-MQiT7bkFJxNdhPIzOvij3lg69A.webp?r=ae0,False,U/A 16+,Suitable for persons aged 16 and above and under parental guidance for people under age of 16,"['gore', 'suicide', 'tobacco use']",India,A small-town doctor gets sucked into the ruthless world of show business when he crosses paths with a popular teen idol who holds a secret.,"['Japanese', 'Anime Series', 'Drama Anime', 'Seinen Anime', 'TV Shows Based on Manga']","['Rie Takahashi', 'Takeo Otsuka', 'Yurie Igoma', 'Megumi Han', 'Kent Ito', 'Tomoyo Takayanagi', 'Yumi Uchiyama']",['Exciting'],[],[]
81684734,【OSHI NO KO】,2023,1,81684739,1441,5,Episode 5,"Eager to form an idol group, Ruby attempts to recruit Kana. Initially reluctant to join, Kana reconsiders the idea after Aqua encourages her.",https://occ-0-2461-2186.1.nflxso.net/dnm/api/v6/9pS1daC2n6UGc3dUogvWIPMR_OU/AAAABeJ6Dzevi7CN6xwpCqiWZ8SVT1WA2lhQ1wr8TypNJLTQa7JTmkXJKq8LI2RBS95qIKWr-4KAquhcGz12pNRZ7piNv5PL8DYkZ5kSIUZBCAkXSS8rGRjjZDCO7Q.webp?r=3c0,81684733,【OSHI NO KO】,show,2023,,https://occ-0-2461-2186.1.nflxso.net/dnm/api/v6/6gmvu2hxdfnQ55LZZjyzYR4kzGk/AAAABfN1I788QIZqMRfJc6E3yKrS_2gkVmp-aC9H_hCVAl_22HjTkNa_rb6gRyA-lidf92ZGoMc4-MQiT7bkFJxNdhPIzOvij3lg69A.webp?r=ae0,False,U/A 16+,Suitable for persons aged 16 and above and under parental guidance for people under age of 16,"['gore', 'suicide', 'tobacco use']",India,A small-town doctor gets sucked into the ruthless world of show business when he crosses paths with a popular teen idol who holds a secret.,"['Japanese', 'Anime Series', 'Drama Anime', 'Seinen Anime', 'TV Shows Based on Manga']","['Rie Takahashi', 'Takeo Otsuka', 'Yurie Igoma', 'Megumi Han', 'Kent Ito', 'Tomoyo Takayanagi', 'Yumi Uchiyama']",['Exciting'],[],[]
81684734,【OSHI NO KO】,2023,1,81684740,1502,6,Episode 6,"Worried that she is failing to make an impression on the reality show, Akane asks the director for advice in helping her to stand out.",https://occ-0-2461-2186.1.nflxso.net/dnm/api/v6/9pS1daC2n6UGc3dUogvWIPMR_OU/AAAABdGxHkkAQxae3EnwKHat_LEio1VS7CJaLiGqYH8qF_UexUz0cSuX3jYHzq2TDeSbjbVdf1CbXGcy91ShcXdL2G1oG_dD44GAmq_Ht0nTcIZqlukyAcsv5OrnvA.webp?r=c04,81684733,【OSHI NO KO】,show,2023,,https://occ-0-2461-2186.1.nflxso.net/dnm/api/v6/6gmvu2hxdfnQ55LZZjyzYR4kzGk/AAAABfN1I788QIZqMRfJc6E3yKrS_2gkVmp-aC9H_hCVAl_22HjTkNa_rb6gRyA-lidf92ZGoMc4-MQiT7bkFJxNdhPIzOvij3lg69A.webp?r=ae0,False,U/A 16+,Suitable for persons aged 16 and above and under parental guidance for people under age of 16,"['gore', 'suicide', 'tobacco use']",India,A small-town doctor gets sucked into the ruthless world of show business when he crosses paths with a popular teen idol who holds a secret.,"['Japanese', 'Anime Series', 'Drama Anime', 'Seinen Anime', 'TV Shows Based on Manga']","['Rie Takahashi', 'Takeo Otsuka', 'Yurie Igoma', 'Megumi Han', 'Kent Ito', 'Tomoyo Takayanagi', 'Yumi Uchiyama']",['Exciting'],[],[]
81684734,【OSHI NO KO】,2023,1,81684741,1481,7,Episode 7,"With warm support from her co-stars, Akane decides to stay on the show. Meanwhile, Aqua comes up with an ingenious plan to help boost her image.",https://occ-0-2461-2186.1.nflxso.net/dnm/api/v6/9pS1daC2n6UGc3dUogvWIPMR_OU/AAAABVLVnabJTKPmt0O8YzarPx_00t1kfExgcjIWsRdfCQZl5ZCgq15KiBj9boi-aHmjFU-WuB7sgYdVeH5ZJob2maGtyQZQag13Lzgz16C9Z7-g4nfjCq17aEgXug.webp?r=2ce,81684733,【OSHI NO KO】,show,2023,,https://occ-0-2461-2186.1.nflxso.net/dnm/api/v6/6gmvu2hxdfnQ55LZZjyzYR4kzGk/AAAABfN1I788QIZqMRfJc6E3yKrS_2gkVmp-aC9H_hCVAl_22HjTkNa_rb6gRyA-lidf92ZGoMc4-MQiT7bkFJxNdhPIzOvij3lg69A.webp?r=ae0,False,U/A 16+,Suitable for persons aged 16 and above and under parental guidance for people under age of 16,"['gore', 'suicide', 'tobacco use']",India,A small-town doctor gets sucked into the ruthless world of show business when he crosses paths with a popular teen idol who holds a secret.,"['Japanese', 'Anime Series', 'Drama Anime', 'Seinen Anime', 'TV Shows Based on Manga']","['Rie Takahashi', 'Takeo Otsuka', 'Yurie Igoma', 'Megumi Han', 'Kent Ito', 'Tomoyo Takayanagi', 'Yumi Uchiyama']",['Exciting'],[],[]
81684734,【OSHI NO KO】,2023,1,81684742,1422,8,Episode 8,"Aqua finds himself thoroughly flustered by Akane's flawless imitation of Ai. Later, Akane deduces something about Ai that shakes him to the core.",https://occ-0-2461-2186.1.nflxso.net/dnm/api/v6/9pS1daC2n6UGc3dUogvWIPMR_OU/AAAABeC3lGg0lJsYwLcWNYjCyWjW2Dcx3frag8XN8jjCodIP3dFF4hi42Onl4Qe68aa53VO6kbSMzE68qyr2l6DsEhPs9LrHGRZ1hBalDYH2sx0Imbs4hEsYpkgrxQ.webp?r=109,81684733,【OSHI NO KO】,show,2023,,https://occ-0-2461-2186.1.nflxso.net/dnm/api/v6/6gmvu2hxdfnQ55LZZjyzYR4kzGk/AAAABfN1I788QIZqMRfJc6E3yKrS_2gkVmp-aC9H_hCVAl_22HjTkNa_rb6gRyA-lidf92ZGoMc4-MQiT7bkFJxNdhPIzOvij3lg69A.webp?r=ae0,False,U/A 16+,Suitable for persons aged 16 and above and under parental guidance for people under age of 16,"['gore', 'suicide', 'tobacco use']",India,A small-town doctor gets sucked into the ruthless world of show business when he crosses paths with a popular teen idol who holds a secret.,"['Japanese', 'Anime Series', 'Drama Anime', 'Seinen Anime', 'TV Shows Based on Manga']","['Rie Takahashi', 'Takeo Otsuka', 'Yurie Igoma', 'Megumi Han', 'Kent Ito', 'Tomoyo Takayanagi', 'Yumi Uchiyama']",['Exciting'],[],[]
81684734,【OSHI NO KO】,2023,1,81684743,1511,9,Episode 9,"At Aqua's invitation, Mem-cho visits Ichigo Production to discuss joining B Komachi, but Miyako quickly discerns that she's hiding something.",https://occ-0-2461-2186.1.nflxso.net/dnm/api/v6/9pS1daC2n6UGc3dUogvWIPMR_OU/AAAABVD--vVRf6rzVouQjSjZxHNmGlFAO_F7tT5ZH_tsxZ8x5KEcYgoxYuaAJ-m0dDCmxBfaQEhjVqkF8KXs3HJAIPFkUwp7C-mQFJjjb3p0CREFLmS2rzUsOepqGg.webp?r=865,81684733,【OSHI NO KO】,show,2023,,https://occ-0-2461-2186.1.nflxso.net/dnm/api/v6/6gmvu2hxdfnQ55LZZjyzYR4kzGk/AAAABfN1I788QIZqMRfJc6E3yKrS_2gkVmp-aC9H_hCVAl_22HjTkNa_rb6gRyA-lidf92ZGoMc4-MQiT7bkFJxNdhPIzOvij3lg69A.webp?r=ae0,False,U/A 16+,Suitable for persons aged 16 and above and under parental guidance for people under age of 16,"['gore', 'suicide', 'tobacco use']",India,A small-town doctor gets sucked into the ruthless world of show business when he crosses paths with a popular teen idol who holds a secret.,"['Japanese', 'Anime Series', 'Drama Anime', 'Seinen Anime', 'TV Shows Based on Manga']","['Rie Takahashi', 'Takeo Otsuka', 'Yurie Igoma', 'Megumi Han', 'Kent Ito', 'Tomoyo Takayanagi', 'Yumi Uchiyama']",['Exciting'],[],[]
81684734,【OSHI NO KO】,2023,1,81684744,1456,10,Episode 10,"After Kana reluctantly agrees to take the center role in B Komachi, the group prepares for its performance at the idol festival with help from Pieyon.",https://occ-0-2461-2186.1.nflxso.net/dnm/api/v6/9pS1daC2n6UGc3dUogvWIPMR_OU/AAAABZNrhkr2Zh9GSClFqmFEXZ8cLgkJm0lMOJrqYL0mOatdwhF-gHOnnnrslkIZuScPtoQ9U6TnvYeI7OlEsD8wrf-TqdnqSHOe2B7FYAQK-cIA9CPfeg0Rv4TdNA.webp?r=b43,81684733,【OSHI NO KO】,show,2023,,https://occ-0-2461-2186.1.nflxso.net/dnm/api/v6/6gmvu2hxdfnQ55LZZjyzYR4kzGk/AAAABfN1I788QIZqMRfJc6E3yKrS_2gkVmp-aC9H_hCVAl_22HjTkNa_rb6gRyA-lidf92ZGoMc4-MQiT7bkFJxNdhPIzOvij3lg69A.webp?r=ae0,False,U/A 16+,Suitable for persons aged 16 and above and under parental guidance for people under age of 16,"['gore', 'suicide', 'tobacco use']",India,A small-town doctor gets sucked into the ruthless world of show business when he crosses paths with a popular teen idol who holds a secret.,"['Japanese', 'Anime Series', 'Drama Anime', 'Seinen Anime', 'TV Shows Based on Manga']","['Rie Takahashi', 'Takeo Otsuka', 'Yurie Igoma', 'Megumi Han', 'Kent Ito', 'Tomoyo Takayanagi', 'Yumi Uchiyama']",['Exciting'],[],[]
81684734,【OSHI NO KO】,2023,1,81684745,1391,11,Episode 11,"B Komachi takes the stage. Comparing herself to her bandmates, Kana worries that no one is watching her — until she sees a familiar face in the crowd.",https://occ-0-2461-2186.1.nflxso.net/dnm/api/v6/9pS1daC2n6UGc3dUogvWIPMR_OU/AAAABVZoVI8qtg3ksPWFN9viyVCgoX0QjhVy3P4u4eg1d7JuWCKLV6H4NaqgdVSKeys_pt_IBbjWc1cc_jL4DvY64DslUutb7TAybv73ua6Nm_tUTd_3y4TTcY3Osg.webp?r=41b,81684733,【OSHI NO KO】,show,2023,,https://occ-0-2461-2186.1.nflxso.net/dnm/api/v6/6gmvu2hxdfnQ55LZZjyzYR4kzGk/AAAABfN1I788QIZqMRfJc6E3yKrS_2gkVmp-aC9H_hCVAl_22HjTkNa_rb6gRyA-lidf92ZGoMc4-MQiT7bkFJxNdhPIzOvij3lg69A.webp?r=ae0,False,U/A 16+,Suitable for persons aged 16 and above and under parental guidance for people under age of 16,"['gore', 'suicide', 'tobacco use']",India,A small-town doctor gets sucked into the ruthless world of show business when he crosses paths with a popular teen idol who holds a secret.,"['Japanese', 'Anime Series', 'Drama Anime', 'Seinen Anime', 'TV Shows Based on Manga']","['Rie Takahashi', 'Takeo Otsuka', 'Yurie Igoma', 'Megumi Han', 'Kent Ito', 'Tomoyo Takayanagi', 'Yumi Uchiyama']",['Exciting'],[],[]
81056702,#blackAF,2020,1,81093499,2089,1,because of slavery,"Shooting a documentary for her NYU application, Drea introduces her unfiltered family as Kenya considers toning down his “flexing” around white people.",https://occ-0-2461-2186.1.nflxso.net/dnm/api/v6/9pS1daC2n6UGc3dUogvWIPMR_OU/AAAABeHyO3Kgu4fuz9OGrU2q1Hh_10xGHAM2ITZ8tIug446xwDcJRSbXrodAKq6flsUw6Xd3b_xyaqtUj2S0TRONPDIX7yUd7ApplRAuSifZS8FeFmyhJzf6FDnigA.webp?r=551,81056700,#blackAF,show,2020,,https://occ-0-2461-2186.1.nflxso.net/dnm/api/v6/6gmvu2hxdfnQ55LZZjyzYR4kzGk/AAAABdoEZz_vr6nQZsDDc_tZnL-oW5EJYmmJeQe1sVyRVAy3jUQWtuE1PrEElVUR-HHUMyhh6ScTPNZSJXs77oFSPsxgjOd2e5SgrGQiz6Etjv4dq1TzbveuLt5WSgRA7vHWLkiM.jpg?r=32d,True,U/A 16+,Suitable for persons aged 16 and above and under parental guidance for people under age of 16,"['language', 'substances']",India,"Kenya Barris and his family navigate relationships, race and culture while grappling with their newfound success in this comedy series.","['Sitcoms', 'TV Comedies', 'US TV Shows']","['Kenya Barris', 'Rashida Jones', 'Iman Benson', 'Genneya Walton', 'Scarlet Spencer', 'Justin Claiborne', 'Ravi Cabot-Conyers']",['Witty'],[],[]
81056702,#blackAF,2020,1,81093500,2055,2,because of slavery too,"On a parents’ night out, Kenya and Joya party a little too hard while at the same music festival as Chloe, whose appearance doesn't sit well with Kenya.",https://occ-0-2461-2186.1.nflxso.net/dnm/api/v6/9pS1daC2n6UGc3dUogvWIPMR_OU/AAAABXV3n-JtRLRKFzaQEbKga0Sfwe3qcNOLPcPKjDKZoODNiiWbrWkwiakaCepiT9qqjE2-FdSIjYjvKDe1GVybBEEtjtEfu_2sdiooSdWOZpIvmw2Tl7Jprf1fLQ.webp?r=567,81056700,#blackAF,show,2020,,https://occ-0-2461-2186.1.nflxso.net/dnm/api/v6/6gmvu2hxdfnQ55LZZjyzYR4kzGk/AAAABdoEZz_vr6nQZsDDc_tZnL-oW5EJYmmJeQe1sVyRVAy3jUQWtuE1PrEElVUR-HHUMyhh6ScTPNZSJXs77oFSPsxgjOd2e5SgrGQiz6Etjv4dq1TzbveuLt5WSgRA7vHWLkiM.jpg?r=32d,True,U/A 16+,Suitable for persons aged 16 and above and under parental guidance for people under age of 16,"['language', 'substances']",India,"Kenya Barris and his family navigate relationships, race and culture while grappling with their newfound success in this comedy series.","['Sitcoms', 'TV Comedies', 'US TV Shows']","['Kenya Barris', 'Rashida Jones', 'Iman Benson', 'Genneya Walton', 'Scarlet Spencer', 'Justin Claiborne', 'Ravi Cabot-Conyers']",['Witty'],[],[]
81056702,#blackAF,2020,1,81093501,1994,3,still... because of slavery,"Ahead of the family's Juneteenth party, Joya struggles to confront Izzy about her dance video as Kenya stresses the importance of hygiene to his sons.",https://occ-0-2461-2186.1.nflxso.net/dnm/api/v6/9pS1daC2n6UGc3dUogvWIPMR_OU/AAAABdzfTdLu_pb-6fCQBUfbMkqn8AkkQb1cZVQSqjEGGd08B7E0I4G4MBKBQZGg5JmYiySy9_NlA9uOcxmPubCIBlkn28nwvy1OLUNqXXnbXorjF7S0qzz3GPvhCA.webp?r=e28,81056700,#blackAF,show,2020,,https://occ-0-2461-2186.1.nflxso.net/dnm/api/v6/6gmvu2hxdfnQ55LZZjyzYR4kzGk/AAAABdoEZz_vr6nQZsDDc_tZnL-oW5EJYmmJeQe1sVyRVAy3jUQWtuE1PrEElVUR-HHUMyhh6ScTPNZSJXs77oFSPsxgjOd2e5SgrGQiz6Etjv4dq1TzbveuLt5WSgRA7vHWLkiM.jpg?r=32d,True,U/A 16+,Suitable for persons aged 16 and above and under parental guidance for people under age of 16,"['language', 'substances']",India,"Kenya Barris and his family navigate relationships, race and culture while grappling with their newfound success in this comedy series.","['Sitcoms', 'TV Comedies', 'US TV Shows']","['Kenya Barris', 'Rashida Jones', 'Iman Benson', 'Genneya Walton', 'Scarlet Spencer', 'Justin Claiborne', 'Ravi Cabot-Conyers']",['Witty'],[],[]
81056702,#blackAF,2020,1,81093502,2327,4,"yup, you guessed it. again, this is because of slavery","Tired of Black dads never getting praise, Kenya strives to be a more involved father by volunteering to coach a team and organizing a family night.",https://occ-0-2461-2186.1.nflxso.net/dnm/api/v6/9pS1daC2n6UGc3dUogvWIPMR_OU/AAAABXI6lk1IbKyZxS7iME3f28Hrx-YWKZm7lB74GHDFVR0l7LTiFyoh_LxkCMnPrxudMLpQtB4oZ3wnqrWSwAteBBmmAhUpmOycfNJ3N7LFSJ5jHu4Lf5-URqdk7Q.webp?r=95c,81056700,#blackAF,show,2020,,https://occ-0-2461-2186.1.nflxso.net/dnm/api/v6/6gmvu2hxdfnQ55LZZjyzYR4kzGk/AAAABdoEZz_vr6nQZsDDc_tZnL-oW5EJYmmJeQe1sVyRVAy3jUQWtuE1PrEElVUR-HHUMyhh6ScTPNZSJXs77oFSPsxgjOd2e5SgrGQiz6Etjv4dq1TzbveuLt5WSgRA7vHWLkiM.jpg?r=32d,True,U/A 16+,Suitable for persons aged 16 and above and under parental guidance for people under age of 16,"['language', 'substances']",India,"Kenya Barris and his family navigate relationships, race and culture while grappling with their newfound success in this comedy series.","['Sitcoms', 'TV Comedies', 'US TV Shows']","['Kenya Barris', 'Rashida Jones', 'Iman Benson', 'Genneya Walton', 'Scarlet Spencer', 'Justin Claiborne', 'Ravi Cabot-Conyers']",['Witty'],[],[]
81056702,#blackAF,2020,1,81093504,2959,5,"yo, between you and me... this is because of slavery","After criticizing a Black film, Kenya seeks out honest feedback from his family and peers. Joya worries her kids aren't embracing their Blackness.",https://occ-0-2461-2186.1.nflxso.net/dnm/api/v6/9pS1daC2n6UGc3dUogvWIPMR_OU/AAAABazIbDGVrS0AcDk675HfCvyqXRDqLks3Pxa2HW8YguGGVeTkPbj1o8ve0Zq-GWuNlY2DShYpaBNKdL24kbATSPrOSKfM-H0RezO_ypEYUsP8bayggZju0WKwMg.webp?r=22e,81056700,#blackAF,show,2020,,https://occ-0-2461-2186.1.nflxso.net/dnm/api/v6/6gmvu2hxdfnQ55LZZjyzYR4kzGk/AAAABdoEZz_vr6nQZsDDc_tZnL-oW5EJYmmJeQe1sVyRVAy3jUQWtuE1PrEElVUR-HHUMyhh6ScTPNZSJXs77oFSPsxgjOd2e5SgrGQiz6Etjv4dq1TzbveuLt5WSgRA7vHWLkiM.jpg?r=32d,True,U/A 16+,Suitable for persons aged 16 and above and under parental guidance for people under age of 16,"['language', 'substances']",India,"Kenya Barris and his family navigate relationships, race and culture while grappling with their newfound success in this comedy series.","['Sitcoms', 'TV Comedies', 'US TV Shows']","['Kenya Barris', 'Rashida Jones', 'Iman Benson', 'Genneya Walton', 'Scarlet Spencer', 'Justin Claiborne', 'Ravi Cabot-Conyers']",['Witty'],[],[]
81056702,#blackAF,2020,1,81093503,2163,6,"hard to believe, but still because of slavery","As Joya promotes her book, friction between her and Kenya comes to a head when both sides start feeling like their marriage is more of a competition.",https://occ-0-2461-2186.1.nflxso.net/dnm/api/v6/9pS1daC2n6UGc3dUogvWIPMR_OU/AAAABQ33lHBxSc8v7QSYyRPgnf6yEU3-frKPtewUYADJ3PHj-3CpoWFM4fCuLg6bXW72iid7SGfhTyq3f2thYktKmx5v15Jd7jLpY9FYK152JGDexhTcVJtB0zQUhw.webp?r=be5,81056700,#blackAF,show,2020,,https://occ-0-2461-2186.1.nflxso.net/dnm/api/v6/6gmvu2hxdfnQ55LZZjyzYR4kzGk/AAAABdoEZz_vr6nQZsDDc_tZnL-oW5EJYmmJeQe1sVyRVAy3jUQWtuE1PrEElVUR-HHUMyhh6ScTPNZSJXs77oFSPsxgjOd2e5SgrGQiz6Etjv4dq1TzbveuLt5WSgRA7vHWLkiM.jpg?r=32d,True,U/A 16+,Suitable for persons aged 16 and above and under parental guidance for people under age of 16,"['language', 'substances']",India,"Kenya Barris and his family navigate relationships, race and culture while grappling with their newfound success in this comedy series.","['Sitcoms', 'TV Comedies', 'US TV Shows']","['Kenya Barris', 'Rashida Jones', 'Iman Benson', 'Genneya Walton', 'Scarlet Spencer', 'Justin Claiborne', 'Ravi Cabot-Conyers']",['Witty'],[],[]
81056702,#blackAF,2020,1,81093505,2111,7,"i know this is going to sound crazy... but this, too, is because of slavery","A lavish, peaceful family trip takes a turn when the kids attempt to venture outside their comfort zones and a work event puts Kenya and Joya at odds.",https://occ-0-2461-2186.1.nflxso.net/dnm/api/v6/9pS1daC2n6UGc3dUogvWIPMR_OU/AAAABctBegbSbncywgNz5yzWxJR0bEaWJBDS0INJ_kCApTKbQR5J49tY8_ZUCZFKAanbOd9HCrQdbVjQPDjbl0krFerMsTF6Q3PhYhu5NRuIkPVm-l9WGWxYBWOcfw.webp?r=1c0,81056700,#blackAF,show,2020,,https://occ-0-2461-2186.1.nflxso.net/dnm/api/v6/6gmvu2hxdfnQ55LZZjyzYR4kzGk/AAAABdoEZz_vr6nQZsDDc_tZnL-oW5EJYmmJeQe1sVyRVAy3jUQWtuE1PrEElVUR-HHUMyhh6ScTPNZSJXs77oFSPsxgjOd2e5SgrGQiz6Etjv4dq1TzbveuLt5WSgRA7vHWLkiM.jpg?r=32d,True,U/A 16+,Suitable for persons aged 16 and above and under parental guidance for people under age of 16,"['language', 'substances']",India,"Kenya Barris and his family navigate relationships, race and culture while grappling with their newfound success in this comedy series.","['Sitcoms', 'TV Comedies', 'US TV Shows']","['Kenya Barris', 'Rashida Jones', 'Iman Benson', 'Genneya Walton', 'Scarlet Spencer', 'Justin Claiborne', 'Ravi Cabot-Conyers']",['Witty'],[],[]
81056702,#blackAF,2020,1,81093506,2216,8,"i know you may not get this, but the reason we deserve a vacation is... because of slavery","As Joya takes time to focus on herself before her event, Drea tries to bond with Chloe, Pops handles an incident, and Kenya switches up his behavior.",https://occ-0-2461-2186.1.nflxso.net/dnm/api/v6/9pS1daC2n6UGc3dUogvWIPMR_OU/AAAABfqMdjJ0vM2e42n1Br49BAPXwkmLLVhryrl2PwCaACjXwcNCfWw7HSSd-KkFDgSKkDJzeDOJ_2x_0Mec6xssAfC-5QUfSsrZ3SESGZpNyRJZB0GWYUGlbgaBcw.webp?r=ca9,81056700,#blackAF,show,2020,,https://occ-0-2461-2186.1.nflxso.net/dnm/api/v6/6gmvu2hxdfnQ55LZZjyzYR4kzGk/AAAABdoEZz_vr6nQZsDDc_tZnL-oW5EJYmmJeQe1sVyRVAy3jUQWtuE1PrEElVUR-HHUMyhh6ScTPNZSJXs77oFSPsxgjOd2e5SgrGQiz6Etjv4dq1TzbveuLt5WSgRA7vHWLkiM.jpg?r=32d,True,U/A 16+,Suitable for persons aged 16 and above and under parental guidance for people under age of 16,"['language', 'substances']",India,"Kenya Barris and his family navigate relationships, race and culture while grappling with their newfound success in this comedy series.","['Sitcoms', 'TV Comedies', 'US TV Shows']","['Kenya Barris', 'Rashida Jones', 'Iman Benson', 'Genneya Walton', 'Scarlet Spencer', 'Justin Claiborne', 'Ravi Cabot-Conyers']",['Witty'],[],[]
81382020,#NoFilter,2023,1,81404074,2070,1,I'm an Influencer! #LookOut,"Marcely drops out of college to follow her dreams. Now, as an aspiring influencer, she struggles to find an Instagrammable spot for her first livestream.",https://occ-0-2461-2186.1.nflxso.net/dnm/api/v6/9pS1daC2n6UGc3dUogvWIPMR_OU/AAAABc_AEWQOnbrVltwQZZUkXcG0NhRamVyDstagLrJ7qTlN0BJTAv-3AR-H649WEamDcFkAWHq9uPYFlztdlJpBAeZuTbrvsjMdxOzZPS7uuDglp4WSI52FN5ZS4w.webp?r=17d,81382019,#NoFilter,show,2023,,https://occ-0-2461-2186.1.nflxso.net/dnm/api/v6/6gmvu2hxdfnQ55LZZjyzYR4kzGk/AAAABT-nHpQxyIwnXMkNkJRxPkSA4E_8ZvAYj7eGtL4vjNEfZnhEAUS6s7M5BsJnDIzkF4_1HIgWwS6rG2wBr4SFc8UTgqOgmiIG_cCckopgFse8N9M99UWaLCAuMaQHUhgvOF5j.jpg?r=078,True,U/A 13+,Suitable for persons aged 13 and above and under parental guidance for people under age of 13,"['language', 'mild themes', 'tobacco use']",India,"Bored with her studies, Marcely drops out of college to chase a new goal in life: becoming an influencer. But life online is harder than it looks…","['Brazilian', 'TV Comedies']","['Ademara', 'Flávia Reis', 'Orã Figueiredo', 'Mel Maia', 'Thamirys Borsan', 'Pedro Ottoni', 'Maicon Rodrigues', 'Lu Perisse', 'Carol Garcia', 'Leandro Santanna', 'Sandra de Sá', 'Maíra Azevedo']",[],[],[]
81382020,#NoFilter,2023,1,81404077,1983,2,Careful! That's Not Money,"Pi Love arranges a visit to Max’s barbershop. Marcely attempts to shoot some videos after a wild night, but the outcome gets her into trouble.",https://occ-0-2461-2186.1.nflxso.net/dnm/api/v6/9pS1daC2n6UGc3dUogvWIPMR_OU/AAAABQa-H3Cb5VQxDrtbDuJwR_j-WdUdnDUnxOEKy8YDUxstc4xos1Uur8mfHQX5IUK_jsthv49GaKda5S8O-c1h0Th4md6MiyHyl07WF0-Dax8xDYrJr_zWWu0Y-w.webp?r=ed3,81382019,#NoFilter,show,2023,,https://occ-0-2461-2186.1.nflxso.net/dnm/api/v6/6gmvu2hxdfnQ55LZZjyzYR4kzGk/AAAABT-nHpQxyIwnXMkNkJRxPkSA4E_8ZvAYj7eGtL4vjNEfZnhEAUS6s7M5BsJnDIzkF4_1HIgWwS6rG2wBr4SFc8UTgqOgmiIG_cCckopgFse8N9M99UWaLCAuMaQHUhgvOF5j.jpg?r=078,True,U/A 13+,Suitable for persons aged 13 and above and under parental guidance for people under age of 13,"['language', 'mild themes', 'tobacco use']",India,"Bored with her studies, Marcely drops out of college to chase a new goal in life: becoming an influencer. But life online is harder than it looks…","['Brazilian', 'TV Comedies']","['Ademara', 'Flávia Reis', 'Orã Figueiredo', 'Mel Maia', 'Thamirys Borsan', 'Pedro Ottoni', 'Maicon Rodrigues', 'Lu Perisse', 'Carol Garcia', 'Leandro Santanna', 'Sandra de Sá', 'Maíra Azevedo']",[],[],[]
81382020,#NoFilter,2023,1,81404078,1837,3,Unbelievable! I Have a Hater...,"Marcely’s friends are thrilled when she attracts her first hater: It means she’s getting famous! Still, she tries to uncover who is behind the account.",https://occ-0-2461-2186.1.nflxso.net/dnm/api/v6/9pS1daC2n6UGc3dUogvWIPMR_OU/AAAABe-6JtK7It5uy49lj_FY061jqacnVCkmPsZk0ny9VbzqPrcW8b08EugG350iBFWkBuh64hK7IVEHad-OY5zTIuSbNAh1VcXp4_zUhoyzXcrZ6gFnXBUi4yuRlQ.webp?r=ad9,81382019,#NoFilter,show,2023,,https://occ-0-2461-2186.1.nflxso.net/dnm/api/v6/6gmvu2hxdfnQ55LZZjyzYR4kzGk/AAAABT-nHpQxyIwnXMkNkJRxPkSA4E_8ZvAYj7eGtL4vjNEfZnhEAUS6s7M5BsJnDIzkF4_1HIgWwS6rG2wBr4SFc8UTgqOgmiIG_cCckopgFse8N9M99UWaLCAuMaQHUhgvOF5j.jpg?r=078,True,U/A 13+,Suitable for persons aged 13 and above and under parental guidance for people under age of 13,"['language', 'mild themes', 'tobacco use']",India,"Bored with her studies, Marcely drops out of college to chase a new goal in life: becoming an influencer. But life online is harder than it looks…","['Brazilian', 'TV Comedies']","['Ademara', 'Flávia Reis', 'Orã Figueiredo', 'Mel Maia', 'Thamirys Borsan', 'Pedro Ottoni', 'Maicon Rodrigues', 'Lu Perisse', 'Carol Garcia', 'Leandro Santanna', 'Sandra de Sá', 'Maíra Azevedo']",[],[],[]
81382020,#NoFilter,2023,1,81404082,2114,4,Elections! Guess Who Won?,"Val supports Sebastiana for the presidency of the Ararinhas Homeowners’ Association. Inspired by her mother, Marcely makes a speech to flip some votes.",https://occ-0-2461-2186.1.nflxso.net/dnm/api/v6/9pS1daC2n6UGc3dUogvWIPMR_OU/AAAABaWZnJ4-Lpkek_Jw7kDr_gDigUX7L2Qv4W5uZU4ZvcvSbhu_K5GUj_eFi11YTxugHo5vuQcMx6K3xe1XfvW61yshF5sTCtY3hJF7h5dc1uoAaJ2ugjcRq85jqw.webp?r=887,81382019,#NoFilter,show,2023,,https://occ-0-2461-2186.1.nflxso.net/dnm/api/v6/6gmvu2hxdfnQ55LZZjyzYR4kzGk/AAAABT-nHpQxyIwnXMkNkJRxPkSA4E_8ZvAYj7eGtL4vjNEfZnhEAUS6s7M5BsJnDIzkF4_1HIgWwS6rG2wBr4SFc8UTgqOgmiIG_cCckopgFse8N9M99UWaLCAuMaQHUhgvOF5j.jpg?r=078,True,U/A 13+,Suitable for persons aged 13 and above and under parental guidance for people under age of 13,"['language', 'mild themes', 'tobacco use']",India,"Bored with her studies, Marcely drops out of college to chase a new goal in life: becoming an influencer. But life online is harder than it looks…","['Brazilian', 'TV Comedies']","['Ademara', 'Flávia Reis', 'Orã Figueiredo', 'Mel Maia', 'Thamirys Borsan', 'Pedro Ottoni', 'Maicon Rodrigues', 'Lu Perisse', 'Carol Garcia', 'Leandro Santanna', 'Sandra de Sá', 'Maíra Azevedo']",[],[],[]
81382020,#NoFilter,2023,1,81404084,2058,5,She's Not So Love-Ly Now,"Marcely wins a makeover by Pi Love. As her family tidies up the house to welcome the digital star, Sandrinha gets excited to meet her idol.",https://occ-0-2461-2186.1.nflxso.net/dnm/api/v6/9pS1daC2n6UGc3dUogvWIPMR_OU/AAAABYWCBmUPQxoWMSXQBphspW54kpBRT4_408sh76iEZAqtwVF_obus-Do9O_sgaikvMvdynQl_MaIpWeCK6EcKjovoKNosvIcTF2-3ErqjMAq8RKrbhuRuI1-R9A.webp?r=14d,81382019,#NoFilter,show,2023,,https://occ-0-2461-2186.1.nflxso.net/dnm/api/v6/6gmvu2hxdfnQ55LZZjyzYR4kzGk/AAAABT-nHpQxyIwnXMkNkJRxPkSA4E_8ZvAYj7eGtL4vjNEfZnhEAUS6s7M5BsJnDIzkF4_1HIgWwS6rG2wBr4SFc8UTgqOgmiIG_cCckopgFse8N9M99UWaLCAuMaQHUhgvOF5j.jpg?r=078,True,U/A 13+,Suitable for persons aged 13 and above and under parental guidance for people under age of 13,"['language', 'mild themes', 'tobacco use']",India,"Bored with her studies, Marcely drops out of college to chase a new goal in life: becoming an influencer. But life online is harder than it looks…","['Brazilian', 'TV Comedies']","['Ademara', 'Flávia Reis', 'Orã Figueiredo', 'Mel Maia', 'Thamirys Borsan', 'Pedro Ottoni', 'Maicon Rodrigues', 'Lu Perisse', 'Carol Garcia', 'Leandro Santanna', 'Sandra de Sá', 'Maíra Azevedo']",[],[],[]
81382020,#NoFilter,2023,1,81404085,1961,6,Anything for Followers,Marcely and Sandrinha make a bet: Who’s the more successful influencer? The two swap accounts to see who can garner the most followers.,https://occ-0-2461-2186.1.nflxso.net/dnm/api/v6/9pS1daC2n6UGc3dUogvWIPMR_OU/AAAABZvGUKR8auQcGeFRAPBi1P-fp0Bxl1LN2yzZPTr8U3ffcr6INNIGRaHKCFCeRYIMMHewMSH2IkIfwxqugK12DKOHj8ebQdp7kbJPJb84XB6xxFSx-bmdw1X38g.webp?r=02a,81382019,#NoFilter,show,2023,,https://occ-0-2461-2186.1.nflxso.net/dnm/api/v6/6gmvu2hxdfnQ55LZZjyzYR4kzGk/AAAABT-nHpQxyIwnXMkNkJRxPkSA4E_8ZvAYj7eGtL4vjNEfZnhEAUS6s7M5BsJnDIzkF4_1HIgWwS6rG2wBr4SFc8UTgqOgmiIG_cCckopgFse8N9M99UWaLCAuMaQHUhgvOF5j.jpg?r=078,True,U/A 13+,Suitable for persons aged 13 and above and under parental guidance for people under age of 13,"['language', 'mild themes', 'tobacco use']",India,"Bored with her studies, Marcely drops out of college to chase a new goal in life: becoming an influencer. But life online is harder than it looks…","['Brazilian', 'TV Comedies']","['Ademara', 'Flávia Reis', 'Orã Figueiredo', 'Mel Maia', 'Thamirys Borsan', 'Pedro Ottoni', 'Maicon Rodrigues', 'Lu Perisse', 'Carol Garcia', 'Leandro Santanna', 'Sandra de Sá', 'Maíra Azevedo']",[],[],[]
81382020,#NoFilter,2023,1,81404086,1954,7,"She's Dead, But Is She Alright?","When tragedy strikes Ararinhas, the community gathers to pay tribute to the deceased resident. Later, Sandrinha interrupts a confession of love.",https://occ-0-2461-2186.1.nflxso.net/dnm/api/v6/9pS1daC2n6UGc3dUogvWIPMR_OU/AAAABZdNHrJ0V2M8PfCjEjXVY5lu7t2PLyEMphY8IexR92qtwk63-2WyWRPfUCUDt6mVSOWOGeswe3eGK1wZKuhKHvc0vM_90aFwZlLgfLm7IYFlUoCyhJ2GGPu5XA.webp?r=97b,81382019,#NoFilter,show,2023,,https://occ-0-2461-2186.1.nflxso.net/dnm/api/v6/6gmvu2hxdfnQ55LZZjyzYR4kzGk/AAAABT-nHpQxyIwnXMkNkJRxPkSA4E_8ZvAYj7eGtL4vjNEfZnhEAUS6s7M5BsJnDIzkF4_1HIgWwS6rG2wBr4SFc8UTgqOgmiIG_cCckopgFse8N9M99UWaLCAuMaQHUhgvOF5j.jpg?r=078,True,U/A 13+,Suitable for persons aged 13 and above and under parental guidance for people under age of 13,"['language', 'mild themes', 'tobacco use']",India,"Bored with her studies, Marcely drops out of college to chase a new goal in life: becoming an influencer. But life online is harder than it looks…","['Brazilian', 'TV Comedies']","['Ademara', 'Flávia Reis', 'Orã Figueiredo', 'Mel Maia', 'Thamirys Borsan', 'Pedro Ottoni', 'Maicon Rodrigues', 'Lu Perisse', 'Carol Garcia', 'Leandro Santanna', 'Sandra de Sá', 'Maíra Azevedo']",[],[],[]
81382020,#NoFilter,2023,1,81404087,2187,8,Will They Get Back Together?,"Marcely and Pi Love meet again to collaborate on an event. Max becomes jealous of Marcely’s ex-boyfriend, Ricky.",https://occ-0-2461-2186.1.nflxso.net/dnm/api/v6/9pS1daC2n6UGc3dUogvWIPMR_OU/AAAABYaG3heEtb6kNRr5HAS0rzACuHD6jv1N5QG-wtQJvG9gTnYB6lkvwS7ZY77mG4o2Li7dt-fa_gG72qiJVp4IqY6XyE0C3LoJEM_LvcLKAVC4RazGfTAcZev8DQ.webp?r=256,81382019,#NoFilter,show,2023,,https://occ-0-2461-2186.1.nflxso.net/dnm/api/v6/6gmvu2hxdfnQ55LZZjyzYR4kzGk/AAAABT-nHpQxyIwnXMkNkJRxPkSA4E_8ZvAYj7eGtL4vjNEfZnhEAUS6s7M5BsJnDIzkF4_1HIgWwS6rG2wBr4SFc8UTgqOgmiIG_cCckopgFse8N9M99UWaLCAuMaQHUhgvOF5j.jpg?r=078,True,U/A 13+,Suitable for persons aged 13 and above and under parental guidance for people under age of 13,"['language', 'mild themes', 'tobacco use']",India,"Bored with her studies, Marcely drops out of college to chase a new goal in life: becoming an influencer. But life online is harder than it looks…","['Brazilian', 'TV Comedies']","['Ademara', 'Flávia Reis', 'Orã Figueiredo', 'Mel Maia', 'Thamirys Borsan', 'Pedro Ottoni', 'Maicon Rodrigues', 'Lu Perisse', 'Carol Garcia', 'Leandro Santanna', 'Sandra de Sá', 'Maíra Azevedo']",[],[],[]
81382020,#NoFilter,2023,1,81404089,1936,9,"Live or Date, That Is the Question","Marcely finds the courage to finally ask Max on a date, but her plans are thwarted when her father unexpectedly comes home.",https://occ-0-2461-2186.1.nflxso.net/dnm/api/v6/9pS1daC2n6UGc3dUogvWIPMR_OU/AAAABfQHsAGNicDC_rcteVMQo75COXKejuwY6wkfqb-zrJjh88ATfEyUHy_5cWgHhvD6-GI8JkfFVTrBd1y9yFxMUCilpOAm1C0syrD1AW9Qjjnpj4KapgW1Pxb3EA.webp?r=1f3,81382019,#NoFilter,show,2023,,https://occ-0-2461-2186.1.nflxso.net/dnm/api/v6/6gmvu2hxdfnQ55LZZjyzYR4kzGk/AAAABT-nHpQxyIwnXMkNkJRxPkSA4E_8ZvAYj7eGtL4vjNEfZnhEAUS6s7M5BsJnDIzkF4_1HIgWwS6rG2wBr4SFc8UTgqOgmiIG_cCckopgFse8N9M99UWaLCAuMaQHUhgvOF5j.jpg?r=078,True,U/A 13+,Suitable for persons aged 13 and above and under parental guidance for people under age of 13,"['language', 'mild themes', 'tobacco use']",India,"Bored with her studies, Marcely drops out of college to chase a new goal in life: becoming an influencer. But life online is harder than it looks…","['Brazilian', 'TV Comedies']","['Ademara', 'Flávia Reis', 'Orã Figueiredo', 'Mel Maia', 'Thamirys Borsan', 'Pedro Ottoni', 'Maicon Rodrigues', 'Lu Perisse', 'Carol Garcia', 'Leandro Santanna', 'Sandra de Sá', 'Maíra Azevedo']",[],[],[]
81382020,#NoFilter,2023,1,81404091,2289,10,Exposed: My Secrets Revealed!,"When Marcely is heartbroken because of Max’s work trip, Gustavo comes up with a plan to help her profess her feelings: a goodbye party.",https://occ-0-2461-2186.1.nflxso.net/dnm/api/v6/9pS1daC2n6UGc3dUogvWIPMR_OU/AAAABXH0FLwhXE65zAmEa_XjXPb2b7ga8VWHJuhlBI5uRz4OP7i_T9ZHcZOCn4ZaS0JWI1BVLhXvCxTmoBrdajQIyPxZtKJYgtxp9a8lD7boBKjLHBQkdlIiJcnR0w.webp?r=6a2,81382019,#NoFilter,show,2023,,https://occ-0-2461-2186.1.nflxso.net/dnm/api/v6/6gmvu2hxdfnQ55LZZjyzYR4kzGk/AAAABT-nHpQxyIwnXMkNkJRxPkSA4E_8ZvAYj7eGtL4vjNEfZnhEAUS6s7M5BsJnDIzkF4_1HIgWwS6rG2wBr4SFc8UTgqOgmiIG_cCckopgFse8N9M99UWaLCAuMaQHUhgvOF5j.jpg?r=078,True,U/A 13+,Suitable for persons aged 13 and above and under parental guidance for people under age of 13,"['language', 'mild themes', 'tobacco use']",India,"Bored with her studies, Marcely drops out of college to chase a new goal in life: becoming an influencer. But life online is harder than it looks…","['Brazilian', 'TV Comedies']","['Ademara', 'Flávia Reis', 'Orã Figueiredo', 'Mel Maia', 'Thamirys Borsan', 'Pedro Ottoni', 'Maicon Rodrigues', 'Lu Perisse', 'Carol Garcia', 'Leandro Santanna', 'Sandra de Sá', 'Maíra Azevedo']",[],[],[]
80215998,100 Humans,2020,1,80243481,2289,1,What Makes Us Attractive?,An interactive element emerges to see what makes humans' sexual psyches hum. Hot dancing? Uniforms? Sperm samples will be collected.,https://occ-0-2461-2186.1.nflxso.net/dnm/api/v6/9pS1daC2n6UGc3dUogvWIPMR_OU/AAAABbtQRCTNBSrxdr50qdG2LQkLALxpTm63_HjWdZF07EXCrbzOpsE4lmXCg8xCfSXZOjKk_Vq6lG66rXy5EeX8BWPqLiBvvNhivNPxW21BZhUucJzrEMDxOZm77A.webp?r=368,80215997,100 Humans,show,2020,,https://occ-0-2461-2186.1.nflxso.net/dnm/api/v6/6gmvu2hxdfnQ55LZZjyzYR4kzGk/AAAABaEI3qSLJe7ZOReJYWEgy7IKUo_roumZj1DpBnesE6xfNJ3CFHu0YEnId0PIl6tJRVCZUS4Btk-brCiYrPQdh2FMVp85GQ1q79iIje5yfmL7lwg4p_B6jztYFlyU9Av6Ff1k.jpg?r=54b,True,U/A 13+,Suitable for persons aged 13 and above and under parental guidance for people under age of 13,"['crude humor', 'language', 'mature themes', 'tobacco use', 'violence']",India,"One hundred hardy souls from diverse backgrounds participate in playful experiments exploring age, sex, happiness and other aspects of being human.","['Science & Nature TV', 'Science & Nature Docs', 'Docuseries', 'Social & Cultural Docs', 'US TV Shows']","['Zainab Johnson', 'Sammy Obeid', 'Alie Ward']","['Provocative', 'Witty', 'Quirky']",[],[]
80215998,100 Humans,2020,1,80215999,2262,2,The Best Age to Be Alive,"The hosts make surprising discoveries when 20-, 30-, 40-, 50- and 60-somethings compete against each other in assembling furniture and other tests.",https://occ-0-2461-2186.1.nflxso.net/dnm/api/v6/9pS1daC2n6UGc3dUogvWIPMR_OU/AAAABT-eIWPBCWw5bedENtPqPQxE6QkHFwdFPBwinqkVWDbFBDLfxuu41vs1GeaTXs_-jm4gm_6AmJyOU4gNFZxfsDPDL0CVMIT84QVIQV_mjc6En3Em5w6G8XQawQ.webp?r=a7b,80215997,100 Humans,show,2020,,https://occ-0-2461-2186.1.nflxso.net/dnm/api/v6/6gmvu2hxdfnQ55LZZjyzYR4kzGk/AAAABaEI3qSLJe7ZOReJYWEgy7IKUo_roumZj1DpBnesE6xfNJ3CFHu0YEnId0PIl6tJRVCZUS4Btk-brCiYrPQdh2FMVp85GQ1q79iIje5yfmL7lwg4p_B6jztYFlyU9Av6Ff1k.jpg?r=54b,True,U/A 13+,Suitable for persons aged 13 and above and under parental guidance for people under age of 13,"['crude humor', 'language', 'mature themes', 'tobacco use', 'violence']",India,"One hundred hardy souls from diverse backgrounds participate in playful experiments exploring age, sex, happiness and other aspects of being human.","['Science & Nature TV', 'Science & Nature Docs', 'Docuseries', 'Social & Cultural Docs', 'US TV Shows']","['Zainab Johnson', 'Sammy Obeid', 'Alie Ward']","['Provocative', 'Witty', 'Quirky']",[],[]
80215998,100 Humans,2020,1,80243477,2191,3,Let’s Talk About Sex,The battle of the sexes goes under a microscope as the participants disprove multiple myths and confirm others. The experts examine the results.,https://occ-0-2461-2186.1.nflxso.net/dnm/api/v6/9pS1daC2n6UGc3dUogvWIPMR_OU/AAAABX3rtdhGqj3u8CuCYKwOoAEpQ9lVt3KbEpE8tHnxFKl9jYIGKZp0oYqdPGsKbuFb5HcrFCf4hvnWXqjGN_Q4GqOQCKo3Ik5VNXwk800-fiHbm-DaXH3Yi4aWiQ.webp?r=12c,80215997,100 Humans,show,2020,,https://occ-0-2461-2186.1.nflxso.net/dnm/api/v6/6gmvu2hxdfnQ55LZZjyzYR4kzGk/AAAABaEI3qSLJe7ZOReJYWEgy7IKUo_roumZj1DpBnesE6xfNJ3CFHu0YEnId0PIl6tJRVCZUS4Btk-brCiYrPQdh2FMVp85GQ1q79iIje5yfmL7lwg4p_B6jztYFlyU9Av6Ff1k.jpg?r=54b,True,U/A 13+,Suitable for persons aged 13 and above and under parental guidance for people under age of 13,"['crude humor', 'language', 'mature themes', 'tobacco use', 'violence']",India,"One hundred hardy souls from diverse backgrounds participate in playful experiments exploring age, sex, happiness and other aspects of being human.","['Science & Nature TV', 'Science & Nature Docs', 'Docuseries', 'Social & Cultural Docs', 'US TV Shows']","['Zainab Johnson', 'Sammy Obeid', 'Alie Ward']","['Provocative', 'Witty', 'Quirky']",[],[]
80215998,100 Humans,2020,1,80243478,2322,4,Are You Biased?,"Ingrained bias sneaks in, prompting subjects to judge others by their accents, fire toy guns at innocent bystanders and underrate their own peers.",https://occ-0-2461-2186.1.nflxso.net/dnm/api/v6/9pS1daC2n6UGc3dUogvWIPMR_OU/AAAABR3gFQocYLeNoLiYwtlF0Xb_R14IT7rQ7TI6exYQ7rwpxAnrxpCQDKJXuwWsDcBy4DJpEeDAdhuSwmh9vr9aW39SmLNL4GKmVvu8bKVJ4ODgevvNTK8GrDEk1Q.webp?r=cd8,80215997,100 Humans,show,2020,,https://occ-0-2461-2186.1.nflxso.net/dnm/api/v6/6gmvu2hxdfnQ55LZZjyzYR4kzGk/AAAABaEI3qSLJe7ZOReJYWEgy7IKUo_roumZj1DpBnesE6xfNJ3CFHu0YEnId0PIl6tJRVCZUS4Btk-brCiYrPQdh2FMVp85GQ1q79iIje5yfmL7lwg4p_B6jztYFlyU9Av6Ff1k.jpg?r=54b,True,U/A 13+,Suitable for persons aged 13 and above and under parental guidance for people under age of 13,"['crude humor', 'language', 'mature themes', 'tobacco use', 'violence']",India,"One hundred hardy souls from diverse backgrounds participate in playful experiments exploring age, sex, happiness and other aspects of being human.","['Science & Nature TV', 'Science & Nature Docs', 'Docuseries', 'Social & Cultural Docs', 'US TV Shows']","['Zainab Johnson', 'Sammy Obeid', 'Alie Ward']","['Provocative', 'Witty', 'Quirky']",[],[]
80215998,100 Humans,2020,1,80243480,2486,5,Pain vs. Pleasure,Humans weigh pleasurable prizes against painful penalties as the hosts explore the many ways negative and positive elements shape our reality.,https://occ-0-2461-2186.1.nflxso.net/dnm/api/v6/9pS1daC2n6UGc3dUogvWIPMR_OU/AAAABcg-pwHYyiDvSjQIEEcPV4wSoG_V9KDo8-iTK37cg71pDbujXEmbYYiCaDSJB-RckduNvIek_PmCj0D25Q3XEbymgbY4y4EtbpoTMolq1H9NXrZfvpdeAnIHKw.webp?r=3e9,80215997,100 Humans,show,2020,,https://occ-0-2461-2186.1.nflxso.net/dnm/api/v6/6gmvu2hxdfnQ55LZZjyzYR4kzGk/AAAABaEI3qSLJe7ZOReJYWEgy7IKUo_roumZj1DpBnesE6xfNJ3CFHu0YEnId0PIl6tJRVCZUS4Btk-brCiYrPQdh2FMVp85GQ1q79iIje5yfmL7lwg4p_B6jztYFlyU9Av6Ff1k.jpg?r=54b,True,U/A 13+,Suitable for persons aged 13 and above and under parental guidance for people under age of 13,"['crude humor', 'language', 'mature themes', 'tobacco use', 'violence']",India,"One hundred hardy souls from diverse backgrounds participate in playful experiments exploring age, sex, happiness and other aspects of being human.","['Science & Nature TV', 'Science & Nature Docs', 'Docuseries', 'Social & Cultural Docs', 'US TV Shows']","['Zainab Johnson', 'Sammy Obeid', 'Alie Ward']","['Provocative', 'Witty', 'Quirky']",[],[]
80215998,100 Humans,2020,1,81018516,1938,6,How to Be Happy,"The subjects pursue joy through crafts and catastrophes, partying and watching paint dry. Time flies when they’re having fun, except when it doesn't.",https://occ-0-2461-2186.1.nflxso.net/dnm/api/v6/9pS1daC2n6UGc3dUogvWIPMR_OU/AAAABX5yefuSEraRYZZc5hA2fgvZev19qQZANol4irlF7VSAk_-yZipFxEbwh2lZvpBq8hCNPdP6y8FzZ-jr1QfkToi6tmIxlooZDIfPxUpRelDFWR8iQ_i-Y4SEog.webp?r=c39,80215997,100 Humans,show,2020,,https://occ-0-2461-2186.1.nflxso.net/dnm/api/v6/6gmvu2hxdfnQ55LZZjyzYR4kzGk/AAAABaEI3qSLJe7ZOReJYWEgy7IKUo_roumZj1DpBnesE6xfNJ3CFHu0YEnId0PIl6tJRVCZUS4Btk-brCiYrPQdh2FMVp85GQ1q79iIje5yfmL7lwg4p_B6jztYFlyU9Av6Ff1k.jpg?r=54b,True,U/A 13+,Suitable for persons aged 13 and above and under parental guidance for people under age of 13,"['crude humor', 'language', 'mature themes', 'tobacco use', 'violence']",India,"One hundred hardy souls from diverse backgrounds participate in playful experiments exploring age, sex, happiness and other aspects of being human.","['Science & Nature TV', 'Science & Nature Docs', 'Docuseries', 'Social & Cultural Docs', 'US TV Shows']","['Zainab Johnson', 'Sammy Obeid', 'Alie Ward']","['Provocative', 'Witty', 'Quirky']",[],[]
80215998,100 Humans,2020,1,80243479,2138,7,Can You Trust Your Senses?,"Go with your gut? Not always. The hosts learn how noses, eyes and even taste buds are impacted by context and external forces like music — and mimes.",https://occ-0-2461-2186.1.nflxso.net/dnm/api/v6/9pS1daC2n6UGc3dUogvWIPMR_OU/AAAABcma-vswi9e8WGo6hRHN-9_mhQ5Ej3aQDn1JU3CF0IwsqVGIGgAjGbz6LW0lWxCetPJ9_p-cYl6Wq9AfSeK5myn7-MBUxVSO-2dXC-KZH3z8OuJNvmrxLbyN4Q.webp?r=dc6,80215997,100 Humans,show,2020,,https://occ-0-2461-2186.1.nflxso.net/dnm/api/v6/6gmvu2hxdfnQ55LZZjyzYR4kzGk/AAAABaEI3qSLJe7ZOReJYWEgy7IKUo_roumZj1DpBnesE6xfNJ3CFHu0YEnId0PIl6tJRVCZUS4Btk-brCiYrPQdh2FMVp85GQ1q79iIje5yfmL7lwg4p_B6jztYFlyU9Av6Ff1k.jpg?r=54b,True,U/A 13+,Suitable for persons aged 13 and above and under parental guidance for people under age of 13,"['crude humor', 'language', 'mature themes', 'tobacco use', 'violence']",India,"One hundred hardy souls from diverse backgrounds participate in playful experiments exploring age, sex, happiness and other aspects of being human.","['Science & Nature TV', 'Science & Nature Docs', 'Docuseries', 'Social & Cultural Docs', 'US TV Shows']","['Zainab Johnson', 'Sammy Obeid', 'Alie Ward']","['Provocative', 'Witty', 'Quirky']",[],[]
80215998,100 Humans,2020,1,81018517,1960,8,Ask a Human,"Time for the big questions, as chosen by the humans themselves. How common are heroes? Do names matter? Above all, what’s proper toilet etiquette?",https://occ-0-2461-2186.1.nflxso.net/dnm/api/v6/9pS1daC2n6UGc3dUogvWIPMR_OU/AAAABUBqzGKD-kxMoTs_37rAfMQabwEGEJTCUow7kP47m_75bxZvJIR9YPZjbcTnFhEO7fbbbZEoLsT4xcHddwLi_g3dNXA8hIdZt_ASYALK5Bb4ivssC-mGLVmiTQ.webp?r=1e4,80215997,100 Humans,show,2020,,https://occ-0-2461-2186.1.nflxso.net/dnm/api/v6/6gmvu2hxdfnQ55LZZjyzYR4kzGk/AAAABaEI3qSLJe7ZOReJYWEgy7IKUo_roumZj1DpBnesE6xfNJ3CFHu0YEnId0PIl6tJRVCZUS4Btk-brCiYrPQdh2FMVp85GQ1q79iIje5yfmL7lwg4p_B6jztYFlyU9Av6Ff1k.jpg?r=54b,True,U/A 13+,Suitable for persons aged 13 and above and under parental guidance for people under age of 13,"['crude humor', 'language', 'mature themes', 'tobacco use', 'violence']",India,"One hundred hardy souls from diverse backgrounds participate in playful experiments exploring age, sex, happiness and other aspects of being human.","['Science & Nature TV', 'Science & Nature Docs', 'Docuseries', 'Social & Cultural Docs', 'US TV Shows']","['Zainab Johnson', 'Sammy Obeid', 'Alie Ward']","['Provocative', 'Witty', 'Quirky']",[],[]
